歌曲id,歌曲频率,歌曲名字,歌手id,歌曲歌词
1336856449,82.0,告白,12002248,作词冥凰作曲蛛蛛空的蝉壳悄悄摇落檐下垂铃听风吹过为何迟到了海边的焰火今晚的我稍许笨拙粗心丢了夏的线索可你只是笑着眼角处却有流星闪烁好想去捕捉最灿烂的那颗因为你爱上整个夏末我开始迷上你暖暖酒窝你和我光脚并排着坐天南地北什么话都说我的小心思比你想象得还要多自己都难琢磨没想到你却使坏骗我合上双眼偷偷吻了我耳朵空的蝉壳悄悄摇落檐下垂铃听风吹过薰衣草开满远处的山坡浪漫不用太多承诺只要能扑你怀里躲连指尖的触摸都当作最甜蜜的糖果相信你懂我爱撒娇的寂寞因为你爱上整个夏末我开始迷上你暖暖酒窝你和我光脚并排着坐天南地北什么话都说我的小心思比你想象得还要多自己都难琢磨没想到你却使坏骗我合上双眼偷偷因为你爱上整个夏末我开始迷上你暖暖酒窝你和我光脚并排着坐天南地北什么话都说我的小心思比你想象得还要多自己都难琢磨没想到你却使坏骗我合上双眼轻声说你爱我蝉鸣消去的时候想和你一起数着满天星座安静地被星光包裹蝉鸣消去的时候想和你一起猜着浪花纹络有最幸福的轮廓制作人编曲吉他于昊监制蛛蛛企划小粉统筹袁晓童黄鲲弦乐编写胡静成弦乐演奏国际首席爱乐乐团录音室和声编写演唱鱼椒盐人声编辑于昊混音母带赵靖封面设计武中奇本歌曲来自网易音乐人亿现金激励千亿流量扶持合作
1399112638,3.0,心似烟火,12077204,作词阿藤芳史作曲阿藤芳史中文填词孟大原属词曲版权公司本作品经过原词曲作者以及版权公司授权我们的心像烟火一朵连结着一朵不独自飘落赶走了寂寞转身我在原地等你也许会偶尔停泊结束向前的念头也不畏寂寞和天空海阔转身看见你灿烂的笑容模糊的世界虚幻的情节憧憬熄灭雨下整夜我也不能凝聚星辰多一些但风凛冽握紧你的手不怕夜更迭在悲伤的时候在痛苦的时候坦率像沙漠里的海市蜃楼我看着你背影想开口那勇气却和时间偷偷溜走思念知难眠时间不知深浅想做你锦上添花一场盛宴是唯一心愿可睁眼现实和梦啊原来都在一瞬间我们的心像烟火一朵连结着一朵不独自飘落赶走了寂寞转身你在原地等我也许会偶尔停泊结束向前的念头也不畏寂寞和天空海阔转身看见你灿烂的笑容世上的人无论任何都有孤单的时刻充满胆怯面对着告别仍慢慢前进着辗转着唱首歌变成了坚定长河仍然期待着明天有新的喜乐你微笑的瞬间心绪像断了弦拥抱是荒原中的昙花一现如果心下雪沦陷流完泪看光划过夜冬天变春天每天都在改变我们正渺小模糊开始遥远就算看不见向前未来也能够拥有好晴天我们的心像烟火一朵连结着一朵不独自飘落赶走了寂寞转身你在原地等我也许会偶尔停泊结束向前的念头也不畏寂寞和天空海阔转身看见你灿烂的笑容自己走着就是独特一步一步也许苦涩放掉伪装别舍不得生活变温热有人默默一直陪着装模作样就会忘了四周其实变得干涸想要找的多么坎坷再去放开怎会舍得松开会痛彻毕竟也深爱着当想回头的时候看到了来的入口往回走模糊的世界虚幻的情节憧憬熄灭雨下整夜我也不能凝聚星辰多一些但风凛冽握紧你的手不怕夜更迭制作人姚政闫实企划谢宇航李喆渊裘小静监制谭微编曲闫实录顶技混音鲍锐录顶技网易云音乐特别企划听海风本歌曲来自网易音乐人亿现金激励千亿流量扶持合作
444267766,14.0,尽头,12023202,作词朱鸽作曲朱鸽演唱赵方婧编曲于瑾混音出品千和世纪音阙诗听成员作品觥筹交错时光如梭迷失自我享受折磨这是你要的物质生活一身污浊自得其乐谁的命运谁又能把握这是种孤独没有结果精神虚伪的寄托不择手段的迷离恍惚的假想推翻不假思索如果换作是我又是何得的变作无趣的枷锁肉体诚实的反驳不合时宜的消散太快的热度假装不食烟火不由分说的我换个身份变作有趣的恶魔踏碎镜头里的尽头觥筹交错时光如梭迷失自我享受折磨这是你要的物质生活一身污浊自得其乐谁的命运谁又能把握这是种孤独没有结果精神虚伪的寄托不择手段的迷离恍惚的假想推翻不假思索如果换做是我又是何得的变作无趣的枷锁精神虚伪的寄托不择手段的迷离恍惚的假想推翻不假思索如果换作是我又是何得的变作无趣的枷锁肉体诚实的反驳不合时宜的消散太快的热度假装不食烟火不由分说的我换个身份变作有趣的恶魔
1460682363,5.0,爱，存在,35136304,作词吴易纬作曲蔡明仁编曲王大夫我要的爱只在你身上存在要不是你不会哭得笑得傻得像小孩在一起不简单别轻易说分开雨季总会忘了离开打落蔷薇每次盛开我们激动争吵相拥相爱想念每一次落单你的温柔让心跳崇拜我要的爱只在你身上存在要不是你不会哭得笑得傻得像小孩在一起不简单别轻易说分开你给的爱都变成我的依赖依赖着你的我可以尽情不勇敢因为你我相信爱存在我明白我期待爱存在如果爱是场最轰烈的冒险终点是暖手的口袋星星孤单单坠落在那片海是你打捞起我们把每滴坏的眼泪擦干我要的爱只在你身上存在要不是你不会哭得笑得傻得像小孩在一起不简单别轻易说分开你给的爱都变成我的依赖依赖着你的我可以尽情不勇敢因为你我相信爱存在就算能删除记忆就算能复制情感谁都无法控制爱一旦决定爱你我不管我不换你就是任谁都无法替代我的最爱只在你身上存在只有你在极光才有力量变得更绚烂只有你能幸福我回忆到未来你给的爱都变成我的依赖依赖着你的我可以尽情不勇敢因为你我相信爱存在制作人郑翰文沈炳监制桑玉泓混音工程师欧姆母带工程师全相彦艺人统筹黄志楠封面设计何晓婷索雅音乐版权代理公司北京有限公司环球音乐版权管理集团本歌曲来自云上工作室亿现金激励千亿流量扶持业务联系
36587407,146.0,我们不该这样的,166016,作词浅紫作曲都智文编曲都智文对不起我有些累了我问我们都怎么了再不像棋逢对手般哪怕爱着恨着或酸着突然有了很多心得但却痛到不能选择好多事我们都错了我们不该这样的放手不爱了我们怎么被动的苦笑着不管对的错的至少最后现实都输了假想的竞争者我们不该这样的放手不爱了我们怎么爱着却不快乐抱歉我浪费了可以更幸福的资格也许真的是太爱了愤怒也是因为忐忑每当谁怪谁太苛刻我们却又不懂得自责好几次也都想算了可心还会狠狠地疼着想体谅你却更难过我们不该这样的放手不爱了我们怎么被动的苦笑着不管对的错的至少最后现实都输了假想的竞争者我们不该这样的放手不爱了我们怎么爱着却不快乐抱歉我浪费了可以更幸福的资格我们怎么我们怎么我们怎么被动的苦笑着不管对的错的至少最后现实都输了假想的竞争者我们不该这样的放手不爱了我们怎么爱着却不快乐抱歉我浪费了可以更幸福的资格我浪费了更幸福的资格
1358848433,82.0,追,12077204,作词陈壹千作曲陈壹千编曲又经过那个街口那条路依然很陡想起我们第一次彼此温热的手也许时间在逗留才会让我无意间看透一切只是梦游把所有我喜欢的都填上有你的颜色为了你捕捉了整个银河把所有你在意的你讨厌的都学会了可我还是那个渺小的我变成太阳照亮你的我我愿意一直这样变成你爱的模样像影子离不开光从黑夜追随到天亮你的方向就是我飞跃的地方无条件在你身旁微弱的光再微弱也能照亮卑微的我只要你回头就能看见我在身后把所有我喜欢的都填上有你的颜色为了你捕捉了整个银河把所有你在意的你讨厌的都学会了可我还是那个渺小的我我愿意一直这样变成你爱的模样像影子离不开光从黑夜追随到天亮你的方向就是我飞跃的地方无条件在你身旁我会一直这样尽管眼泪会流淌曾经我也会想象那和你触碰的模样你的方向我为你飞跃的地方无条件在你身旁我愿一直这样爱着你混音陈壹千母带陈壹千和声陈壹千录音陈壹千制作陈壹千
176053,63.0,洋葱,6066,作词阿信五月天作曲阿信五月天编曲五月天周恒毅如果你眼神能够为我片刻的降临如果你能听到心碎的声音沉默的守护着你沉默的等奇迹沉默的让自己像是空气大家都吃着聊着笑着今晚多开心最角落里的我笑得多合群盘底的洋葱像我永远是调味品偷偷的看着你偷偷的隐藏着自己如果你愿意一层一层一层地剥开我的心你会发现你会讶异你是我最压抑最深处的秘密如果你愿意一层一层一层地剥开我的心你会鼻酸你会流泪只要你能听到我看到我的全心全意听你说你和你的他们暧昧的空气我和我的绝望装得很风趣我就像一颗洋葱永远是配角戏多希望能与你有一秒专属的剧情如果你愿意一层一层一层地剥开我的心你会发现你会讶异你是我最压抑最深处的秘密如果你愿意一层一层一层地剥开我的心你会鼻酸你会流泪只要你能听到我看到我的全心全意如果你愿意一层一层一层地剥开我的心你会发现你会讶异你是我最压抑最深处的秘密如果你愿意一层一层一层地剥开我的心你会鼻酸你会流泪只要你能听到我看到我的全心全意你会鼻酸你会流泪只要你能听到我看到我的全心全意制作人周佳佑周恒毅协力制作李汪哲吉他怪兽五月天李兆雄强辩和声编写周佳佑和声周佳佑录音师李心鼎毛淙文林宗磊录音室强力录音室玩音乐工作室混音师王俊杰小混音录音室白金录音室相信音乐国际股份有限公司
1421256202,7.0,谪仙,31727575,作词王莹作曲王中易编曲刘哲宇仙歌音玉笛灵酒盏玉露清剑舞轻潇洒过白袍影新殿又细雕流金声声箜篌鸣一笔浓墨留诗狂情玉袍长剑堪风流山川不念旧赋诗为狂也无有愁称谪仙瑶宫难留去凡间红楼斗酒多情眸落墨诗卷又几斗斟世间最烈的酒卧长安巍巍高楼看尽天下何人可似他无忧玉袍长剑堪风流山川不念旧赋诗为狂也无有愁称谪仙瑶宫难留去凡间红楼斗酒多情眸落墨诗卷又几斗斟世间最烈的酒卧长安巍巍高楼看尽天下何人可似他无忧称谪仙瑶宫难留去凡间红楼斗酒多情眸落墨诗卷又几斗斟世间最烈的酒卧长安巍巍高楼看尽天下何人可似他无忧制作人王中易吉他陈柏彤混音张鸣利和声涵木之策划李亚男出品伊格赛听嗨库文化
1331819951,81.0,像鱼,14312549,作词周有才作曲周有才这是一首简单的歌没有什么独特试着代入我的心事它那么幼稚像个顽皮的孩子多么可笑的心事只剩我还在坚持谁能看透我的眼睛让我能够不再失明我要记住你的样子像鱼记住水的拥抱像云在天空中停靠夜晚的来到也不会忘了阳光的温暖我要忘了你的样子像鱼忘了海的味道放下所有梦和烦恼却放不下回忆的乞讨多么可笑的心事只剩我还在坚持谁能看透我的眼睛让我能够不再失明记住你的样子像鱼记住水的拥抱像云在天空中停靠夜晚的来到也不会忘了阳光的温暖我要忘了你的样子像鱼忘了海的味道放下所有梦和烦恼却放不下回忆的乞讨只剩自己就好
25639007,670.0,爱的回归线,7342,爱像镜子里自己的脸当越靠近越看不完全本以为是苦是甜心甘情愿无悔无怨当风景看一遍心在离别前荡起秋千泪只能转身后说抱歉初见走到了再见回到原点曙光重现爱凝结了时间在爱的回归线又期待会相见天会晴心会暖阳光在手指间童话剧情上演在某天再一次遇见我们的脸一如从前没变心在离别前荡起秋千泪只能转身后说抱歉初见走到了再见回到原点曙光重现爱凝结了时间在爱的回归线有期待会相见天会晴心会暖阳光在手指间童话剧情上演在某天再一次遇见我们的脸一如从前没变有时放开一点对爱也是种成全心是你的就不会走远每一段爱情都危险每一对恋人都勇敢下一个瞬间是下一个永远在爱的回归线有期待终会又相见天会晴心会暖阳光在手指间那落单的誓言有牵挂就不会飞远这一瞬间抵过沧海桑田
1363205817,207.0,你走以后1.0,12904290,作词王恩信二胖作曲王恩信二胖原曲俞胜恩混音王恩信在每个失眠夜晚都会不由自主想起你我还想再见你一面可以再次抱你在怀里和我的每段回忆都在心里怎么忘记最难过的时候你都在身边劝我不要放弃现在只有一个人躺在空荡的房间里努力克制自己的身体尽量不去想起你临走之前告诉我别只会活在过去像个男人一样清楚自己要到达的目的地我记得你走那天下了一整天的雨回到家中麻木清洗被雨淋湿的身体无能为力的感情像匕首插进在心里最后带上耳机播放曾为你写过的歌曲你过得还好吗我总想这样一系列的问题点上一根烟和你有关的话题尽量不再提及从此独自一个人抗拒和你周围人再联系漫无目的用酒精麻痹自己假装忘记二胖如果季节更替树叶落地银色满际没能走回原地我再做个梦给你梦见我们相遇没有话题满眼笑意真的再见到你再次拥抱你在怀里王恩信不知道从什么时候开始我们之间存在各种问题不再打电话一起出门牵手你都在抗拒从每天空闲都在聊天到现在的三言两语从无话不谈到现在根本不知道从何说起我们都变得越来越暴躁开始不停的争吵寻找各种各样的借口见面的次数越来越少从深夜送你回家到不停看这手表变成现在的样子其实很早以前就有预兆我总是想会不会开口让这段关系停止是否我们的感情也会成为生命中的历史如果有可能多想回到最初重新开始让时间永远停留在最好的那段时光静止好吧现在的我已经开始习惯没有你的生活哪怕偶尔再次想起只当那段感情经过不再打听你的消息都是朋友嘴里听说就算听到你有新的开始心里难免难过二胖如果季节更替树叶落地银色满际没能走回原地我再做个梦给你梦见我们相遇没有话题满眼笑意真的再见到你再次拥抱你在怀里王恩信直到现在都还保留着你留下的习惯每次和你一起出门花费从来都不计算送你所有贵的礼物只要是你喜欢不想让我们之间存在任何遗憾你送我所有的东西我都放在了柜子下面包括过生日那年你亲手送我的那条项链无数次睡醒脑海都是你离开的画面既然都过去了只能在心里对你说声再见二胖如果季节更替树叶落地银色满际没能走回原地我再做个梦给你梦见我们相遇没有话题满眼笑意真的再见到你再次拥抱你在怀里
165376,48.0,因为了解,5538,作词汪苏泷作曲汪苏泷编曲汪苏泷欠你的欠你的欠你的欠你的欠你的欠你的蝴蝶去年欠你的蝴蝶跟夕阳落地平线台词你说了三遍我却假装没听见你的温柔被搁浅埋怨我的不体贴你说还有誓言没兑现怎么割切爱如果变成了依赖如果只剩下习惯对两个人都是伤害只是爱需要人精心灌溉需要共同的期待我要怎么才能让你明白我知道你对我的爱心疼你为我等待选择离开是我一个人的悲哀我因为了解才分开甜蜜不能够倒带怎么重来谢谢你的眼泪成全我的耍赖爱如果变成了依赖如果只剩下习惯对两个人都是伤害只是爱需要人精心灌溉需要共同的期待我要怎么才能让你明白我知道你对我的爱心疼你为我等待选择离开是我一个人的悲哀我因为了解才分开甜蜜不能够倒带怎么重来谢谢你的眼泪成全我的耍赖我知道你对我的爱心疼你为我等待选择离开是我一个人的悲哀我因为了解才分开甜蜜不能够倒带怎么重来是我辜负了你的存在
1370047789,4.0,我走后,30616479,作词小咪作曲小咪编曲如果离开以后得到的会是什么是难过是孤独还是接着下一个放不下是个借口我强忍着痛爱有始有终我不明白牵着的手怎么牵着牵着就放了也许爱让此刻变成灰色我们还是一如既往的冷漠感受着仅存的快乐回想我们走过的那些曲折只有我们两个别人没法懂得你说你累了能不能放过我我走了你别再难过心里有话都不想再说记得以后你要快乐这世界没那么多因果我走后你别再想我尽管有太多的不舍这是你要的自由我还给你了我走后总是一个人在房间里面感受无聊抱怨着卑微的生活独自走在街上祈祷曾经全心全意对你却没有丝毫感动也许我走后才能给你自由的感受曾经有那一刻是真的想把你娶回家承受着社会的压力疲惫不堪倒着时差想过如果有一天你还能够回心转意那我也放下所有事情跟你享受一辈子甜蜜我走了你别再难过心里有话都不想再说记得以后你要快乐这世界没那么多因果我走后你别再想我尽管有太多的不舍这是你要的自由我还给你了我们度过这幸福时刻拥抱也没了也变得忐忑内心不需要抉择我们只是见过没了我怎么了我们竟然只是过客从陌生到熟悉然后走到分离放不下的原因是因为你混音策划张宇恒企宣帅杰监制尹鸿伟出品天悦华音
493735012,21.0,无人之岛,9255,作词申名利作曲小编曲王壹缩混殇小谨监制三千制作人小朱鸽吉他陈超配唱制作人朱鸽和声编写小和声任然录音室混音室黑色的背后是黎明以为来日方长所以别把梦吵醒时间它继续飞行下一站机场门外拥抱你的背影蓝色的背后是纯净低下头俯瞰陆地上想念的眼睛生命中有些事情从没有原因说明一刹那的寂静如果云层是天空的一封信能不能再听一听听你的声音就算是探秘是贪玩而已跟着潘彼得去无人岛旅行我不会怪你的天空一望无际是海洋的倒影蓝色一望无际我的你在哪里假如迷路了一定记得把思念装进漂流瓶记得快寄给我别让人担心蓝色的背后是纯净云淡风轻低下头俯瞰陆地上想念的眼睛生命中有些事情不能透明从没有原因说明一刹那的寂静如果云层是天空的一封信能不能再听一听听你的声音就算是探秘是贪玩而已跟着潘彼得去无人岛旅行我不会怪你的天空一望无际是海洋的倒影蓝色一望无际我的你在哪里假如迷路了一定记得把思念装进漂流瓶记得快寄给我别让人担心如果云层是天空的一封信能不能再听一听听你的声音就算是探秘跟着潘彼得去无人岛旅行我不会怪你的天空一望无际是海洋的倒影蓝色一望无际我的你在哪里假如迷路了一定记得把思念装进漂流瓶记得快寄给我别让人担心
1297802566,15.0,盗墓笔记·十年人间,12359437,作词梨衿作曲純白编曲純白吉他二胡陆二胡调教坐标和声黄诗扶后期曾经光是谁燃烛照亮时间设下的迷藏光置换明暗立场肆意流淌看谁站过的地方棋局已百孔千疮看眼前最真假相假又何妨怀揣着炽烈顽心走向最宽容刑场裂过碎过都空洞地回响到最后竟庆幸于夕阳仍留在身上来不及讲故事多跌宕有最奇崛的峰峦成全过你我张狂海上清辉与圆月盛进杯光有最孤傲的雪山静听过你我诵章世人惊羡的桥段不过寻常光可寻来路艰险也可照前路坦荡光补填残陋世相无须度量看你计算的无常和你来时的彷徨看终有勇气独挡人世荒唐怀揣着炽烈顽心走向最宽容刑场裂过碎过都空洞地回响到最后竟庆幸于夕阳仍留在身上来不及讲故事多跌宕有最崎岖的峰峦成全过你我张狂海上清辉与圆月盛进杯光有最孤傲的雪山静听过你我诵章世人惊羡的桥段不过寻常有最崎崛的峰峦成全过你我张狂海上清辉与圆月盛进杯光有最残破的书简记载过光阴漫长无意拾过的片瓦历数寒凉有最孤傲的雪山静听过你我诵章世人惊羡的桥段不过寻常有最清瘦的字迹都已随记忆泛黄而我再度铺垫起下个篇章
1352002513,79.0,空山新雨后,12174521,作词假寐作曲殇小谨编曲罗洋山风轻摆尾卷下落花随流水路过擦拭曾经用你柔情换我的眼泪当爱恨都败退没谢幕的人啊井中月举杯砸碎佐一场宿醉抽签的玫瑰作熏香还能余味猜测无解答案散落满地也是种浪费我才终于明白终于明白不能被施舍的是爱取下褪漆的钗就化作尘埃喝多少暖身的酒暖不了心口待空山新雨后放一叶小舟载上无人问津的温柔摆渡寻处去忘忧抽签的玫瑰作熏香还能余味猜测无解答案算了满地也是种浪费我才终于明白终于明白不能被施舍的是爱取下褪漆的钗就化作尘埃喝多少暖身的酒暖不了心口待空山新雨后放一叶小舟载上无人问津的温柔摆渡寻处去忘忧取下褪漆的钗就化作尘埃喝多少暖身的酒暖不了心口待空山新雨后放一叶小舟载上无人问津的温柔摆渡寻处去忘忧混音李佳韵殇小谨母带处理殇小谨笛子囚牛古筝紫格和声皎月和声编写皎月文案偏生梓归制作人殇小谨监制李俊羽混音室出品音阙诗听
442314990,21.0,后继者,9255,作词朱鸽作曲葛雨晴和声任然和声编写朱鸽录音师朱鸽录音室混音师殇小谨混音室谁比较起来痊愈得比较快当你的身边开始有另一个人存在我很心安庆幸你人生的后来没那么埋汰比起我来如此的精彩谁赢或谁输看当时的状态感情的世界不用去比赛任何人投入起来都像是一个小孩不用太奇怪在流逝时光里总有个人等待好像那时我们都在当时的事都记了起来时间真的像是长了脚的妖怪跑的飞快好像后来我们都离开各自生活在喧嚣未来当时的遗憾在回忆肆虐的某些时段重新打开谁赢或谁输看当时的状态感情的世界不用去比赛任何人投入起来都像是一个小孩不用太奇怪在流逝时光里总有个人等待好像那时我们都在当时的事都记了起来时间真的像是长了脚的妖怪跑得飞快好像后来我们都离开各自生活在喧嚣未来当时的遗憾在回忆肆虐的某些时段重新打开还好有眼泪冲淡苦涩还好有微笑放任快乐那些经过的留下的后继者好像那时我们都在当时的事都记了起来时间真的像是长了脚的妖怪跑得飞快好像后来我们都离开各自生活在喧嚣未来当时的遗憾在回忆肆虐的某些时段重新打开
316686,428.0,处处吻,10204,作曲雷颂德编曲雷颂德你爱热吻却永不爱人练习为乐但是怕熟人你爱路过去索取见闻陌路人便特别有份好感你热爱别离再合再离似花瓣献技叫花粉遍地噢噢你在播弄这穿线游戏跟他结束他与她再一起你小心一吻便颠倒众生一吻便救一个人给你拯救的体温总会再捐给某人一吻便偷一个心一吻便杀一个人一寸吻感一寸金一脸崎岖的旅行让半夜情人延续吻别人让你旧情人又惠顾他人每晚大概有上亿个人在地球上落力的亲吻你那习惯散佈给众人在地球上惠泽遍及世人你热爱别离再合再离似花瓣献技叫花粉遍地噢噢你在播弄这穿线游戏跟他结束他与她再一起你小心一吻便颠倒众生一吻便救一个人给你拯救的体温总会再捐给某人一吻便偷一个心一吻便杀一个人一寸吻感一寸金一脸崎岖的旅行噢你为何未曾尽兴这塑胶的爱情跳蚤的旅程噢延展铺天盖地好本领噢这吊诡的爱情播种的旅程别了他他吻她他吻她吻他吻她延续愉快过程你我他真高兴下个他他吻她他吻她再亲你结束这旅程多得你这煞星你小心一吻便颠倒众生一吻便救一个人给你拯救的体温总会再捐给某人一吻便偷一个心一吻便杀一个人一寸吻感一寸金一脸崎岖的旅行别了他他吻她他吻她吻他吻她延续愉快过程你我他真高兴下个他他吻她他吻她吻他吻她延续愉快过程你我他真高兴十个他千个她恩爱扩展的旅程监制雷颂德
417250673,75.0,父亲写的散文诗,9941,作词董玉方作曲许飞一九八四年庄稼还没收割完女儿躺在我怀里睡得那么甜今晚的露天电影没时间去看妻子提醒我修修缝纫机的踏板明天我要去邻居家再借点钱孩子哭了一整天啊闹着要吃饼干蓝色的涤卡上衣痛往心里钻蹲在池塘边上给了自己两拳这是我父亲日记里的文字这是他的青春留下留下来的散文诗几十年后我看着泪流不止可我的父亲已经老得像一个影子一九九四年庄稼早已收割完我的老母亲去年离开了人间女儿扎着马尾辫跑进了校园可是她最近有点孤单瘦了一大圈想一想未来我老成了一堆旧纸钱那时的女儿一定会美得很惊艳有个爱她的男人要娶她回家可想到这些我却不忍看她一眼这是我父亲日记里的文字这是他的生命留下留下来的散文诗几十年后我看着泪流不止可我的父亲已经老得像一张旧报纸旧报纸那上面的故事就是一辈子
502043537,26.0,第三人称,12085562,作词作曲原唱他想知道那是谁为何总沉默寡言人群中也算抢眼抢眼的孤独难免快乐当然有一点不过寂寞更强烈难过时候不流泪流泪也不算伤悲天真以为是他的独特品味殊不知是他难以言喻的对决子母画面分割上演谍对谍而谁是谁对于第三人称的角度而言也明白其实每个人都有缺陷不自觉遮掩多少也算自然的行为快乐当然有一点不过寂寞更强烈难过时候不流泪流泪也不算伤悲天真以为是他的独特品味殊不知是他难以言喻的对决子母画面分割上演谍对谍而谁是谁对于第三人称的角度而言也明白其实每个人都有缺陷才不断的追寻更好的自己直到青春一定程度的浪费才觉得可贵他想知道那是谁海边的卡夫卡有限公司百代音乐代理北京有限公司
454035505,97.0,Asphyxia(窒息),12128251,作词逆时针向作曲逆时针向纯音乐请说出你的故事作曲逆时针向
434550534,32.0,下完这场雨 ,3058,作词后弦李叔同作曲后弦念旧的皮箱装着爱没放完的烟火我提着寂寞撑伞穿过夜色悲伤湿透了领口别说破且当作梅雨曾来过雨滴下鼓槌落伞下路退却不能衣襟还残留那句手写的珍重那年长亭你的背影亮了雨中我燃一束挽歌我在等你等下完这场雨满城涓涤净此生的别离心太入戏梦流转四季只是回忆手中焰火向谁泣如果可以别下完这场雨放慢朝夕拾与你的点滴怕来不及回眸再重温此刻如往昔伞外朦胧可是你那年我烟花为序光芒逆雨而上画下故事终句守一纸立秋的期许说好等你远去的时光列车满载我今生几多孤寂夕阳西下故人长城外顷刻间滂沱大雨浇不灭余念仍在帷幕落秋雨霖伞下人哼泣最后再重温那首与你送别的旋律我在等你等下完这场雨满城涓涤净此生的别离心太入戏梦流转四季只是回忆手中焰火向谁泣如果可以别下完这场雨放慢朝夕拾与你的点滴怕来不及回眸再重温此刻如往昔伞外朦胧可是你长亭外古道边芳草碧连天晚风拂柳笛声残夕阳送别山外山我在等你等下完这场雨满城涓涤净此生的别离怕来不及回眸再重温此刻如往昔伞外朦胧可是你通力时代北京文化有限公司
28143760,154.0,Space Oddity (Mitty Mix),31193,
1382596189,12.0,嚣张,32220939,作词李艺皓作曲李艺皓编曲常玮太多的太重的太残忍的话没纠缠是你的理由太假我觉得你大可不必说得天花乱坠是天使是魔鬼都没有绝对没想的没说的都请收起吧你扮演的角色更可悲吗放弃的就大可不必再争辩是非放下的就请你烧得干脆你的一字一句犹如刀疤划心上我的一举一动随你改变多荒唐任你肆意玩弄从没去想你是有多嚣张我的心脏脉搏为你跳动为你狂你说我真的多余不如离开流浪都怪我没治愈我的伤没想的没说的都请收起吧你扮演的角色更可悲吗放弃的就大可不必再争辩是非放下的就请你烧得干脆你的一字一句犹如刀疤划心上我的一举一动随你改变多荒唐任你肆意玩弄从没去想你是有多嚣张我的心脏脉搏为你跳动为你狂你说我真的多余不如离开流浪都怪我没治愈我的伤你的一字一句犹如刀疤划心上我的一举一动随你改变多荒唐任你肆意玩弄从没去想你是有多嚣张我的心脏脉搏为你跳动为你狂你说我真的多余不如离开流浪都怪我没治愈我的伤吉他常玮混音张鸣利和声设计和声常玮制作人常玮伍华统筹王艺园制作公司嗨库文化
468517468,21.0,不想,12292708,编曲吕宏斌混音栾宝宝好像做了一个很久的梦太多不想面对的空洞一直都想你还在原地等我我也怕痛裹着太多心事逆着风浪费了眼泪又安慰自己说下一次就算不太轻松也不要勉强挤出一脸笑容不想懂不想说不想再那么痛不想哭不想你再一次离开我一直付出也没想过怎样成熟甜蜜又心动不想笑不想闹不想继续软弱不想失落的样子被你发现了心里只有一个你永远不觉得多裹着太多心事逆着风浪费了眼泪又安慰自己说下一次就算不太轻松也不要勉强挤出一脸笑容不想懂不想说不想再那么痛不想哭不想你再一次离开我一直付出也没想过怎样成熟甜蜜又心动不想笑不想闹不想继续软弱不想失落的样子被人发现了心里只有一个你永远不觉得多可是我却不能在你心中不在你心中不想
280389,6.0,不只爱情,9090,作词喬星作曲编曲聽說某個歲數還是孤獨便如罪身邊一對對太令人顧慮到了這個歲數明白再不怕面對不必等愛侶我淡定行下去忙著到處拼搏不失樂趣密友知己可以閨中暢聚情人節會有母親溫馨笑容共對厭了愛誰又會怕失去一生忠於愛情一天不可冷清當日迷信我的任性人成熟了才會擦亮眼睛從此看清單身不需愛情世界終於覺醒今日誰愛我都心領人成熟了才會發現我的個性曾亦冀盼過著婚紗合照下半生交給某一位照料然而領教過太多虛假愛情玩笑欠缺了誰亦會有心跳一生忠於愛情一天不可冷清當日迷信我的任性人成熟了才會擦亮眼睛從此看清單身不需愛情世界終於覺醒今日誰愛我都心領人成熟了才會發現我的個性一生不只愛情身邊許多美景天地行有我的路徑人成熟了才會擦亮眼睛從此看清單身不需說明用自愛的心境修煉成智慧的悟性閒言別去回應這是我的個性监制
1335942780,21.0,九万字,12308369,作词左木修作曲宇恒黄诗扶编曲李大白当坊间最善舞的女儿死了京城就该有一场大雪叶三九万字飘泊的雪摇曳回风诗意灵魂更迭情人总惯用轻浮的茂盛掩抹深沉有谁不是少年热诚孑然一身爱一个人望尽了毕生温柔眼神写得出最刻薄的字文以讥诮这庸尘却不忍斥你毫分我也算万种风情实非良人谁能有幸错付终身最先动情的人剥去利刃沦为人臣我爱你苍凉双眼明月星辰不远万里叩入心门一个孤僻的唇摘获了你首肯献上一吻有谁不是死而寻生险些终结险些偿命睡梦中无数次的自刎笔下有最淋漓的爱恨以剜挑这浮生只写你衣不染尘我也算万种风情实非良人谁能有幸错付终身幻想岁月无声百年之后合于一坟我爱你苍凉双眼留有余温荒芜的心旷野徒奔你会弹落烟尘抹去指上灰痕各自纷呈看那些流离失所的游魂莫衷一是层层围困从来酿酒的人分外清醒独善其身常言说命运半点不由人不信常言偏信方寸那些荒唐传闻化名称为青春红尘滚滚人间不值得系列歌曲策划左木修混音幺唠和声编写和声黄诗扶录音后权宝行人出品万象凡音
189140,36.0,酷爱,6462,作词作曲编曲无论怎得罪你说我是负累陪着我等于死去了无情趣从前或现在当我是谁你这一种伴侣前夜一起睡你却没廉耻竟讲出口你怕受罪完全忘记往日为何凌晨迎潮浪戏水难道爱爱爱爱爱对爱情已死心贪高兴好心敷衍一下却逼真的亲吻我们这结局太不堪分不出真假的爱恨无谓爱爱爱爱爱太过动魄惊心我估错这个世界得到教训怎相信人命中怎么爱着你为人立甚么心肠我对你极善良如若你肯想想我这样受伤你会知爱情毒于砒霜你怎安心可不改漂亮怎想象共你已同享多少很真确晚上一转头缠绵后要罚离场难道爱爱爱爱爱对爱情已死心贪高兴好心敷衍一下却逼真的亲吻我们这结局太不堪分不出真假的爱恨无谓爱爱爱爱爱太过动魄惊心我估错这个世界得到教训怎相信人命中怎么爱着你为人彷似幻像你给我的爱是玩具磨烂后变绝情难为这洗劫永没罪证道别并无罪也没权问你内情话我都唔知点解你现时对我冇晒感觉以前嗰种快乐就好似成为一种罪恶连我失眠你都唔多觉或者其实所谓爱情都只系互相搵个寄托或者系一场即兴嘅幻觉连自己都唔知道乜嘢系喜乜嘢系乐几时有感觉又几时冇晒知觉就算你无突然失去下落我哋之间都可能已经没落幕把失败换教训不死总算幸运看全没罪案发生为着聚散不需责任一起若像软禁无疑离开先更合衬
298258,119.0,吴哥窟,9615,作词林若宁作曲陈珀编曲陈珀睁开双眼做场梦问你送我归家有何用虽知道你的她无言地向你尽忠望见你隐藏你戒指便沉重心声安葬在岩洞上帝四次三番再愚弄听得见耳边风难逃避你那面孔越要退出越向你生命移动难道我有勇气与你在一起庆祝正日难道你有勇气反悔诺言你专一两个人多挤迫难容纳多一番秘密捉不紧变得更加固执不应该滥用名义被你引诱多一个名字身份远记忆深浮尘滴进觉悟寺雾里看花没有发生任何事难道我有勇气与你在一起庆祝正日难道你有勇气反悔诺言你专一两个人多挤迫难容纳多一番秘密捉不紧变得更加固执原谅你太理性与我在一起要守秘密原谅我太野性想这段情更深刻两个人一消失谣言便得不到证实只得幽暗的晚空记得监制
86771,20.0,劲歌金曲,2849,作曲作词编曲雷颂德第一章天大的爱爱你许志安词周礼茂曲雷颂德爱你我管不了是祸未想过是为何能爱着你苦也未去躲爱是永恒张学友词林振强曲有着我便有着你真爱是永不死穿过喜和悲跨过生和死我的骄傲容祖儿词黄伟文曲陈光荣假使我算神话因你创更愉快爱是最大权利吴雨霏词夏至曲李汉文凭我彻底的勇气爱是最大权利不理场面不伟大我共你始终同游生死还有哪一种结尾花光一切在乎你没有想过太多我只需要你恋爱大过天词林夕曲伍乐城恋爱大过天想不想也日夜怀念连甜梦也不够甜怎么闪同学始终会遇见第二章讲情陈奕迅词林夕曲陈辉阳就当重新手拖手去上学堂那有一天不想你黎明词向雪怀曲林慕德我带着情意一丝丝凄怆许多说话都仍然未讲纵隔别遥远怀念对方悲伤盼换上再会祈望越吻越伤心苏永康词林夕曲吴国敬越吻越伤心明明无余地再过问明明知道衷心一吻会有更亲厚质感我说过要你快乐吴国敬词向雪怀曲伦永亮我说过要你快乐让我担当失恋的主角改写了剧情无言地飘泊假如让我说下去杨千嬅词林夕曲于逸尧人山人海我想哭你可不可以暂时别要睡陪着我像最初相识我当时未怕累但如果但如果说下去或者情深说话未曾讲黎明词潘源良曲雷颂德我有说话未曾讲你这刹那在何方如何能连系上与你再相伴在旁如晨光第三章日月星辰风雨潮太阳星辰张学友词林振强曲德永英明太阳星辰即使变灰暗心中记忆一生照我心爱如潮水张信哲词李宗盛曲黎沸挥我的爱如潮水爱如潮水将我向你推紧紧跟随爱如潮水它将你我包围蓝雨张学友词林振强曲冷冷雨没焦点因找不到你冷冷雨低泣仿佛要等你经过爱如潮水张信哲词李宗盛曲黎沸挥答应我你从此不在深夜里徘徊不要轻易尝试放纵的滋味你可知道这样会让我心碎风继续吹张国荣词郑国江曲风继续吹不忍远离心里亦有泪不愿流泪望着你让一切随风钟镇涛词黄沾曲大野克夫各种空虚冷冷冷吹起吹起风里梦过去的心火般灼热今天已变了冰冻如风王菲词林振强曲张宇来又如风离又如风或世事通通不过是场梦人在途中人在时空相识也许不过擦过梦中约定王菲词林夕曲陈小霞就算你壮阔胸膛不敌天气两鬓斑白都可认得你第四章两个人现代爱情故事张智霖许秋怡词潘伟源曲李子恒别离没有对错要走也解释不多现代说永远已经很傻随着那一宵去火花已消逝不可能付出一生那么多相爱很难梅艳芳张学友词林夕曲陈辉阳也许相爱很难就难在其实双方各有各寄望怎么办要单恋都难受太大的礼会内疚却也无力归还谁令你心痴张国荣陈洁灵词郑国江曲小林明子你竟不知默默向风呆企去等心中戏子曾无限次欲话我知却也停止相逢何必曾相识蒋志光韦绮姗词蒋志光曲蒋志光同是天涯沦落人在这伤心者通道上同行也许不必知道我是谁无谓令你令你令你令你令你令你令你令你令你令你令你令你令你令你令你令你教我如何不爱他许志安词林夕曲雷颂德如何可以不爱他莫非生命只配有一个他到了没法相处再去记它好处凭回忆制造这自欺的笑话温柔的你王杰林忆莲词陈少琪曲陈秀男随时日在远飞难舍弃每次看见冷冬到访的你那年冬天两心遇上没逃避第五章浪情歌谁明浪子心王杰词潘源良曲王杰可以笑的话不会哭可相知的心哪怕追逐可惜每次遇上热爱没法使我感觉我终于遇上幸福友情岁月郑伊健词刘卓辉曲陈光荣来忘掉错对来怀念过去曾共渡患难日子总有乐趣不相信会绝望不感觉到踌躇在美梦里竞争每日拼命进取飞女正传杨千嬅词林夕曲蔡德才人山人海世界将我包围誓死都一齐壮观得有如悬崖的婚礼也许生于世上无重要作为仍有这种真爱会留低少女的祈祷杨千嬅词林夕曲陈辉阳祈求天地放过一双恋人怕发生的永远别发生从来未顺利遇上好景降临如何能重拾信心神啊救救我吧陈小春词易家扬曲包小柏神呀救救我吧一把年纪了一个爱人都没有孤独是可怜的如果没爱过人生是黑白的爱神古巨基词林夕曲雷颂德真人都不喜爱我神你不欢喜我迫我入了魔爱侣几百万谁料我蠢得竟可重复去犯错完结章好心一早放开我小城大事杨千嬅词林夕曲雷颂德吻下来豁出去这吻别似覆水再来也许要天上团聚献世陈小春词林夕曲周杰伦眼泪还是留给天抚慰你是前度何必听我吠爱与诚古巨基词林夕曲曹雪芬宇宙大爆炸别再做情人做只猫做只狗不做情人做只宠物至少可爱迷人和你不瞅不睬最终只会成为敌人好心分手卢巧音词黄伟文曲雷颂德好心一早放开我好心一早放开我重头努力也坎坷统统不要好过来年岁月那么多为继续而继续没有好处还是我若注定有一点苦楚不如自己亲手割破谁愿放手陈慧琳词阮世生曲雷颂德谁得到过愿放手曾精彩过愿挽留年年月月逝去越是觉得深爱你监制雷颂德
386175,49.0,倔强,13193,作词阿信作曲阿信编曲五月天当我和世界不一样那就让我不一样坚持对我来说就是以刚克刚我如果对自己妥协如果对自己说谎即使别人原谅我也不能原谅最美的愿望一定最疯狂我就是我自己的神在我活的地方我和我最后的倔强握紧双手绝对不放下一站是不是天堂就算失望不能绝望我和我骄傲的倔强我在风中大声地唱这一次为自己疯狂就这一次我和我的倔强对爱我的人别紧张我的固执很善良我的手越肮脏眼神越是发光你不在乎我的过往看到了我的翅膀你说被火烧过才能出现凤凰逆风的方向更适合飞翔我不怕千万人阻挡只怕自己投降我和我最后的倔强握紧双手绝对不放下一站是不是天堂就算失望不能绝望我和我骄傲的倔强我在风中大声的唱这一次为自己疯狂就这一次我和我的倔强我和我最后的倔强握紧双手绝对不放下一站是不是天堂就算失望不能绝望我和我骄傲的倔强我在风中大声的唱这一次为自己疯狂就这一次我和我的倔强就这一次让我大声唱啦啦啦啦啦啦啦啦啦啦啦啦啦啦啦啦啦啦啦啦啦啦啦啦就算失望不能绝望啦啦啦啦啦啦啦啦啦啦啦啦啦啦啦啦啦啦啦啦啦啦啦啦就这一次我和我的倔强制作人五月天协力制作陈建良钢琴阿信玛莎电吉他怪兽石头民谣吉他怪兽贝斯玛莎鼓冠佑石头和声编写玛莎和声玛莎冠佑弦乐编曲阿信玛莎怪兽弦乐改编李琪弦乐演奏李琪蓝国容马纪伟何君恒吴世杰
306920,35.0,错的人,9945,作词吴克羣作曲吴克羣编曲周恒毅明知道爱情并不牢靠但是我还是拼命往里跳明知道再走可能是监牢但是我还是相信只是煎熬朋友都劝我不要不要不要拿自己的幸福开玩笑但是做人已经那么累假惺惺的想要逃在爱里连真心都不能给这才真正的可笑爱得太真太容易让自己牺牲太容易让自己沉沦太容易不顾一切满是伤痕我太笨明知道你是错的人明知道这不是缘分但是我还奋不顾身明知道爱情并不牢靠但是我还是拼命往里跳明知道再走可能是监牢但是我还是相信只是煎熬朋友都劝我不要不要不要拿自己的幸福开玩笑但是做人已经那么累假惺惺的想要逃在爱里连真心都不能给这才真的真正的可笑爱得太真太容易让自己牺牲太容易让自己沉沦太容易不顾一切满是伤痕我太笨明知道你是错的人明知道这不是缘分但是我还奋不顾身可能在爱里面这样算笨可能永远没有所谓永恒但是我不愿放弃这里面一点点可能宁愿笨也不想要悔恨爱得太真太容易让自己牺牲太容易让自己沉沦太容易不顾一切满是伤痕我太笨明知道你是错的人明知道这不是缘分但我还是奋不顾身我太笨明知道你是错的人明知道这不是缘分但我相信有点可能
1372796676,19.0,那女孩对我说 (完整版),32208979,作词易家扬作曲李偲菘编曲姚雷钟强原唱黄义达那女孩对我说说我保护她的梦说这个世界对她这样的不多心很空天很大云很重我恨孤单却赶不走捧着她的名字她的喜怒哀乐往前走多久了一个人心中只有一个宝贝久了之后她变成了眼泪泪一滴在左手凝固成为寂寞往回看有什么那女孩对我说说我保护她的梦说这个世界对她这样的不多她渐渐忘了我但是她并不晓得遍体鳞伤的我一天也没再爱过那女孩对我说说我是一个小偷偷她的回忆塞进我的脑海中我不需要自由只想背着她的梦一步步向前走她给的永远不重一个人心中只有一个宝贝久了之后她变成了眼泪泪一滴在左手凝固成为寂寞往回看有什么那女孩对我说说我保护她的梦说这个世界对她这样的不多她渐渐忘了我但是她并不晓得遍体鳞伤的我一天也没再爱过那女孩对我说说我是一个小偷偷她的回忆塞进我的脑海中我不需要自由只想背着她的梦一步步向前走她给的永远不重那女孩对我说说我保护她的梦说这个世界对她这样的不多她渐渐忘了我但是她并不晓得遍体鳞伤的我一天也没再爱过那女孩对我说说我是一个小偷偷她的回忆塞进我的脑海中我不需要自由只想背着她的梦一步步向前走她给的永远不重制作人张博文吉他姚雷钟强贝斯姚雷和声和声编写张淳媛录音混音母带工程张博文录音混音棚监制潇喆飞行石有限公司博曼北京文化发展有限公司发行鲸鱼向海北京文化有限公司
254191,152.0,可惜不是你,8325,作词李焯雄作曲曹轩宾编曲陈飞午编曲陈飞午制作人马毓芬吉他钟成虎弦乐编写李琪小提琴李琪蓝国融中提琴何君恒马纪伟大提琴吴世杰黄彦霖横笛黎翰江录音工程师钟国泰苏正成录音室白金录音室混音工程师钟国泰混音室白金录音室义气音乐这一刻突然觉得好熟悉像昨天今天同时在放映我这句语气原来好像你不就是我们爱过的证据差一点骗了自己骗了你爱与被爱不一定成正比我知道被疼是一种运气但我无法完全交出自己努力为你改变却变不了预留的伏线以为在你身边那也算永远仿佛还是昨天可是昨天已非常遥远但闭上我双眼我还看得见可惜不是你陪我到最后曾一起走却走失那路口感谢那是你牵过我的手还能感受那温柔那一段我们曾心贴着心我想我更有权利关心你可能你已走进别人风景多希望也有星光的投影努力为你改变却变不了预留的伏线以为在你身边那也算永远仿佛还是昨天可是昨天已非常遥远但闭上我双眼我还看得见可惜不是你陪我到最后曾一起走却走失那路口感谢那是你牵过我的手还能感受那温柔可惜不是你陪我到最后曾一起走却走失那路口感谢那是你牵过我的手还能感受那温柔感谢那是你牵过我的手还能温暖我胸口
108463,61.0,不潮不用花钱,3684,作词林怡凤词林俊杰作曲林俊杰编曲林俊杰制作人林俊杰左左左左偏左就用左手生活就不用想太多怦怦怦怦心动张开眼睛就记得当下的强烈有时灵光一闪而过牛顿也吃苹果我的念头不太啰嗦限时间能入座请你不要到处叩叩潮流需要抠抠不小心就没抠抠用力到处扣扣花掉所有抠抠钱买不到绝活你说听说听说你听谁说跟着乱走闹哄哄通通通通普通普通如果不懂不要随便拒绝有时灵光一闪而过牛顿也吃苹果我的念头不太啰嗦限时间能入座请你不要到处叩叩潮流需要抠抠不小心就没抠抠用力到处扣扣花掉所有抠抠钱买不到绝活请你不要到处叩叩潮流需要抠抠不小心就没抠抠用力到处扣扣花掉所有抠抠钱买不到绝活叩叩叩叩不要到处叩叩不要到处叩叩叩叩叩叩叩叩叩叩林俊杰王宇婕配唱制作吴剑泓制作协力陈炯顺吉他林俊杰和声编写林俊杰和声林俊杰录音室台北录音师吴剑泓混音室加利福尼亚州混音师林俊杰吴剑泓大潮音乐经纪有限公司大潮音乐经纪有限公司
22669773,13.0,Mr.,127055,作词作曲
426027293,106.0,你曾是少年,12709,作词肖洋作曲杨子朴编曲有些时候你怀念从前日子可天真离开时你却没说一个字你只是挥一挥手像扔掉废纸说是人生必经的事酒喝到七分却又感觉怅然若失镜子里面像看到人生终点或许再过上几年你也有张虚伪的脸难道我们是为了这样才来到这世上这问题来不及想每一天一年总是匆匆忙忙你我来自湖北四川广西宁夏河南山东贵州云南的小镇乡村曾经发誓要做了不起的人却在北京上海广州深圳某天夜半忽然醒来站在寂寞的阳台只想从这无边的寂寞中逃出来许多年前你有一双清澈的双眼奔跑起来像是一道春天的闪电想看遍这世界去最遥远的远方感觉有双翅膀能飞越高山和海洋许多年前你曾是个朴素的少年爱上一个人就不怕付出自己一生相信爱会永恒相信每个陌生人相信你会成为最想成为的人习惯说谎就是变成熟了吗有一套房子之后才能去爱别人吗总是以为成功之后就能抚平伤痕欲望边埋着错过的人当青春耗尽只剩面目可憎你我来自湖北四川广西宁夏河南山东贵州云南的小镇乡村曾经发誓要做了不起的人却在北京上海广州深圳某天夜半忽然醒来像被命运叫醒了它说你不能就这样过完一生许多年前你有一双清澈的双眼奔跑起来像是一道春天的闪电想看遍这世界去最遥远的远方感觉有双翅膀能飞越高山和海洋许多年前我曾是个朴素的少年爱上一个人就不怕付出自己一生相信爱会永恒相信每个陌生人当我和世界初相见当我曾经是少年
29848657,65.0,手心的蔷薇,3684,作词林怡凤作曲林俊杰编曲你眼眶超载的眼泪乘客是绝望和心碎我可以看见你忍住伤悲那一双爱笑眼睛不适合皱眉你目光独有的温暖是不会熄灭的明天我可以感觉你没有说出口的安慰远比我失去的更加珍贵手心的蔷薇刺伤而不自觉你值得被疼爱你懂我的期待绚烂后枯萎经过几个圆缺有我你在你埋藏的蔷薇你动人的香味是最好的你陪我盼我接受世界不完美另一面多美指纹写下所有遇见你留着心碎那一页骄傲的展现你真无所谓无所谓偶尔放纵的泪像汹涌的海水我学着一个人存在关上灯比较不孤单不让你孤单你给的力量让我在夜里安心入睡别怕黑夜就算没有人心疼我你的泪手心的蔷薇刺伤而不自觉你值得被疼爱你懂我的期待绚烂后枯萎经过几个圆缺有我你在你埋藏的蔷薇你动人的香味是最好的你陪我盼我接受世界不完美另一面多美手心的蔷薇是带刺的纪念整理好眼泪陪我你盼我盼你接受世界太虚伪太善变不完美天会黑心会累有我你在什么都无畏别害怕握太紧放手蔷薇伤痕累累这世界有你无畏制作人林俊杰配唱制作人林俊杰制作协力周信廷吉他贝斯鼓弦乐弦乐指挥首席小提琴手录音室录音师弦乐录音助理弦乐翻译弦乐线上录音系统及弦乐档案编辑混音室白金录音室混音师林正忠
25727803,62.0,修炼爱情,3684,作词易家扬作曲林俊杰编曲吴庆隆凭什么要失望藏眼泪到心脏往事不会说谎别跟它为难我们两人之间不需要这样我想修炼爱情的心酸学会放好以前的渴望我们那些信仰要忘记多难远距离的欣赏近距离的迷惘谁说太阳会找到月亮别人有的爱我们不可能模仿修炼爱情的悲欢我们这些努力不简单快乐炼成泪水是一种勇敢几年前的幻想几年后的原谅为一张脸去养一身伤别讲想念我我会受不了这样记忆它真嚣张路灯把痛点亮情人一起看过多少次月亮它在天空看过多少次遗忘多少心慌修炼爱情的心酸学会放好以前的渴望我们那些信仰要忘记多难远距离的欣赏近距离的迷惘谁说太阳会找到月亮别人有的爱我们不可能模仿修炼爱情的悲欢我们这些努力不简单快乐炼成泪水是一种勇敢几年前的幻想几年后的原谅为一张脸去养一身伤别讲想念我我会受不了这样笑着说爱让人疯狂哭着说爱让人紧张忘不了那个人就投降修炼爱情的悲欢我们这些努力不简单快乐炼成泪水是一种勇敢几年前的幻想几年后的原谅为一张脸去养一身伤别讲想念我我会受不了这样几年前的幻想几年后的原谅为一张脸去养一身伤别讲想念我我会受不了这样制作人林俊杰配唱制作许环良制作协力周信廷键盘吴庆隆吉他鼓低音吉他第一小提琴孔朝辉顾文丽魏喆陈大伟孔宪隆第二小提琴隋晶晶尹淑占孔宪隆中提琴水兵关旗大提琴王言赵羽儿和声编写林俊杰和声林俊杰录音室录音师许环良陈忠宏混音室白金录音室混音师林正忠飞行石有限公司
299757,123.0,红豆,9621,作曲柳重言编曲辛伟力还没好好的感受雪花绽放的气候我们一起颤抖会更明白什么是温柔还没跟你牵着手走过荒芜的沙丘可能从此以后学会珍惜天长和地久有时候有时候我会相信一切有尽头相聚离开都有时候没有什么会永垂不朽可是我有时候宁愿选择留恋不放手等到风景都看透也许你会陪我看细水长流还没为你把红豆熬成缠绵的伤口然后一起分享会更明白相思的哀愁还没好好的感受醒著亲吻的温柔可能在我左右你才追求孤独的自由有时候有时候我会相信一切有尽头相聚离开都有时候没有什么会永垂不朽可是我有时候宁愿选择留恋不放手等到风景都看透也许你会陪我看细水长流有时候有时候我会相信一切有尽头相聚离开都有时候没有什么会永垂不朽可是我有时候宁愿选择留恋不放手等到风景都看透也许你会陪我看细水长流
562594267,86.0,成全,3685,作词施立陈没作曲陈小霞编曲谷粟屋顶音乐工作室看着你和他走到我面前微笑地对我说声好久不见如果当初没有我的成全是不是今天还在原地盘旋不为了勉强可笑的尊严所有的悲伤丢在分手那天未必永远才算爱的完全一个人的成全好过三个人的纠结我对你付出的青春这么多年换来了一句谢谢你的成全成全了你的潇洒与冒险成全了我的碧海蓝天他许你的海誓山盟蜜语甜言我只有一句不后悔的成全成全了你的今天与明天成全了我的下个夏天不为了勉强可笑的尊严所有的悲伤丢在分手那天未必永远才算爱的完全一个人的成全好过三个人的纠结我对你付出的青春这么多年换来了一句谢谢你的成全成全了你的潇洒与冒险成全了我的碧海蓝天他许你的海誓山盟蜜语甜言我只有一句不后悔的成全成全了你的今天与明天成全了我的下个夏天我对你付出的青春这么多年换来了一句谢谢你的成全成全了你的潇洒与冒险成全了我的碧海蓝天他许你的海誓山盟蜜语甜言我只有一句不后悔的成全成全了你的今天与明天成全了我的下个夏天录音工程师陈伯豪钟国泰混音工程师钟国泰录音室白金原子混音室白金吉他许华强和声马毓芬
1330858912,13.0,遥远的你 (正式版),30892270,作词李亚然王明明作曲王明明演唱小伙伴王明明李鑫然李尚阳谷天丰孔维通曹翼明明眼角闪起的泪光无边无际地游荡眉下的一记荒唐庸俗地写在脸上鑫然犹如一缕阳光但却觉得感伤记忆挥散不去却藏进了我的诗句合七月的风八月的雨卑微的我喜欢遥远的你你还未来怎敢老去未来的我和你奉陪到底你若同意我一定去可你并不在意我的出席你的过去无法参与但我还是喜欢你尚阳我有一把钥匙能解开你的故事单纯的像个孩子偏藏进了我的诗句合七月的风八月的雨卑微的我喜欢遥远的你你还未来怎敢老去未来的我和你奉陪到底你若同意我一定去可你并不在意我的出席你的过去无法参与但我还是喜欢你七月的风八月的雨卑微的我喜欢遥远的你你还未来怎敢老去未来的我和你奉陪到底你若同意我一定去可你并不在意我的出席你的过去无法参与但我还是喜欢你七月的风八月的雨卑微的我喜欢遥远的你你还未来怎敢老去未来的我和你奉陪到底你若同意我一定去可你并不在意我的出席你的过去无法参与但我还是喜欢你
108503,61.0,期待爱,3684,作词林怡凤许环良作曲林俊杰编曲蔡政勋一直在等待空荡的口袋想在里面放一份爱总是被打败真的好无奈其实我实实在在不管帅不帅想要找回来自己的节拍所以这一次我要勇敢大声说出来期待期待你发现我的爱无所不在我自然而然的关怀你的存在心灵感应的方向我一眼就看出来是因为爱我猜你早已发现我的爱绕几个弯靠越近越明白不要走开幸福的开始就是放手去爱想要找回来自己的节拍所以这一次我要勇敢大声说出来期待期待你发现我的爱无所不在我自然而然的关怀你的存在心灵感应的方向我一眼就看出来是因为爱我猜你早已发现我的爱绕几个弯靠越近越明白不要走开幸福的开始就是放手去爱幸福的开始就是放手去爱制作人林俊杰许环良制作协力冯时泽蔡政勋键盘蔡政勋吉他和声编写林俊杰和声林俊杰录音室北京新加坡录音师许环良混音室新加坡混音师许环良大潮音乐经纪有限公司大潮音乐经纪有限公司
27510174,32.0,一半一半,906118,时间的微风吹过缓缓拂过了耳畔你的容颜一直悄悄改变离去太久才发觉回忆里面多少片段还能一一浮现在脑海想要再重来回到年少的姿态你的白发也不再生命的短暂生活的阻碍已经逝去的五分之三还有多少安排有多少期待过去的梦何时捡起来年轻的牵绊老去的无奈生命重复着因果循环还有谁的身影能永远如此的伟岸你的生命给了我一半你的爱也给了我一半夏天不懂冬日的严寒未曾想过人生的辛酸往昔有过多少的遗憾最后全都微笑着释然是否爱就是要被他人欺诈未来却不会悔改没有任何的不凡也没有夺目光彩我却明白你的意义所在别人都无法替代就算有时产生些许不快你也很快就抛开虽然很平淡没有多少的波澜却想时间过更慢生命的短暂生活的阻碍已经逝去的五分之三还有多少安排有多少期待过去的梦何时捡起来年轻的牵绊老去的无奈生命重复着因果循环还有谁的身影能永远如此的伟岸无论我选择何种未来无论你心中如何不安最后还是放弃了愤慨相信我已能独自承担就算脾气总是特别坏就算整天抱怨着不满却也怎么都无法放弃这孤独港湾年轻的牵绊老去的无奈生命重复着因果循环还有谁的身影能永远如此的伟岸你的生命给了我一半你的爱也给了我一半夏天不懂冬日的严寒未曾想过人生的辛酸往昔有过多少的遗憾最后全都微笑着释然谢谢你让我成为最幸福的小孩感谢你的爱
1320097340,80.0,天亮以前说再见,30471284,作词康梓峰作曲康梓峰编曲王柏鸿水花只能开在雨天烟花要绽放在黑夜雪花多舍不得冬天像我舍不得和说你再见谎言并不代表欺骗诺言也不一定兑现誓言就都留给时间就请把从前留在今天天亮以前说再见笑着泪流满面去迎接应该你的更好的明天昙花若只一现更要开的耀眼别回头去拥有属于你更好的世界天亮以前说再见让我留在今天去保护我和你的最好的夏天情丝若水三千只取一瓢眷恋当你来过的纪念水花只能开在雨天烟花要绽放在黑夜雪花多舍不得冬天像我舍不得和说你再见谎言并不代表欺骗诺言也不见得兑现誓言就都留给时间就请把从前留在今天天亮以前说再见笑着泪流满面去迎接应该你的更好的明天昙花若只一现更要开的耀眼别回头去拥抱属于你更好的世界天亮以前说再见让我留在今天去保护我们最美最好的今夜情丝若水三千只取一瓢眷恋当你来过的纪念录音浔浔缩混张栩赫和声王健和声编写王健制作人浔浔配唱制作人浔浔录音室混音室制作团队音乐社团柏鸿工作室企划营销梦童娱乐监制三千千和世纪
150430,39.0,就是爱你,5196,作词娃娃作曲陶喆编曲陶喆我一直都想对你说你给我想不到的快乐像绿洲给了沙漠说你会永远陪着我做我的根我翅膀让我飞也有回去的窝我愿意我也可以付出一切也不会可惜就在一起看时间流逝要记得我们相爱的方式就是爱你爱着你有悲有喜有你平淡也有了意义就是爱你爱着你甜蜜又安心那种感觉就是你我一直都想对你说你给我想不到的快乐像绿洲给了沙漠说你会永远陪着我做我的根我翅膀让我飞也有回去的窝我愿意真的愿意付出所有也要保护你在一起时间继续流逝请记得我有多么的爱你就是爱你爱着你不弃不离不在意一路有多少风雨就是爱你爱着你放在你手心灿烂的幸福全给你就是爱你爱着你不弃不离不在意一路有多少风雨就是爱你爱着你放在你手心放在你手心灿烂的幸福全给你就是爱你爱着你我都愿意就是爱你爱着你要我们在一起要我们在一起就是爱你爱着你爱着你我都愿意我都愿意就是爱你爱着你要我们在一起要我们在一起就是爱你爱着你我都愿意就是爱你爱着你我们在一起要我们在一起
441491828,35.0,水星记,2843,作词郭顶作曲郭顶编曲郭顶监制郭顶着迷于你眼睛银河有迹可循穿过时间的缝隙它依然真实地吸引我轨迹这瞬眼的光景最亲密的距离沿着你皮肤纹理走过曲折手臂做个梦给你做个梦给你等到看你银色满际等到分不清季节更替才敢说沉溺还要多远才能进入你的心还要多久才能和你接近咫尺远近却无法靠近的那个人也等着和你相遇环游的行星怎么可以拥有你这瞬眼的光景最亲密的距离沿着你皮肤纹理走过曲折手臂做个梦给你做个梦给你等到看你银色满际等到分不清季节更替才敢说沉溺还要多远才能进入你的心还要多久才能和你接近咫尺远近却无法靠近的那个人也等着和你相遇环游的行星怎么可以拥有你还要多远才能进入你的心还要多久才能和你接近咫尺远近却无法靠近的那个人要怎么探寻要多么幸运才敢让你发觉你并不孤寂当我还可以再跟你飞行环游是无趣至少可以陪着你
29713754,52.0,匆匆那年,9621,作词林夕作曲梁翘柏编曲梁翘柏匆匆那年我们究竟说了几遍再见之后再拖延可惜谁有没有爱过不是一场七情上面的雄辩匆匆那年我们一时匆忙撂下难以承受的诺言只有等别人兑现不怪那吻痕还没积累成茧拥抱着冬眠也没能羽化再成仙不怪这一段情没空反复再排练是岁月宽容恩赐反悔的时间如果再见不能红着眼是否还能红着脸就像那年匆促刻下永远一起那样美丽的谣言如果过去还值得眷恋别太快冰释前嫌谁甘心就这样彼此无挂也无牵我们要互相亏欠要不然凭何怀缅匆匆那年我们见过太少世面只爱看同一张脸那么莫名其妙那么讨人欢喜闹起来又太讨厌相爱那年活该匆匆因为我们不懂顽固的诺言只是分手的前言不怪那天太冷泪滴水成冰春风也一样没吹进凝固的照片不怪每一个人没能完整爱一遍是岁月善意落下残缺的悬念如果再见不能红着眼是否还能红着脸就像那年匆促刻下永远一起那样美丽的谣言如果过去还值得眷恋别太快冰释前嫌谁甘心就这样彼此无挂也无牵如果再见不能红着眼是否还能红着脸就像那年匆促刻下永远一起那样美丽的谣言如果过去还值得眷恋别太快冰释前嫌谁甘心就这样彼此无挂也无牵我们要互相亏欠我们要藕断丝连制作梁翘柏键盘梁翘柏钢琴何秉舜吉他黄仲贤贝斯鲸仔鼓手郝稷伦和声窦颖弦乐编写何秉舜弦乐中国爱乐乐团第一小提琴陈允吴阳曾诚刘睿张晗宋晓晨罗林贾梅第二小提琴简蓓王欣崔小蕾佟婓陈猷翔刘媛元中提琴张安祥毛新光李纪泽孙音音大提琴赵云鹏吴瑕赵宇东杨长缨大提琴独奏朱亦兵小提琴独奏曾诚录音棚水瓶座北京香港狂喜北京中国歌剧舞剧院录音棚北京乐坊录音室北京录音师林梦洋阿铭崔禄李军混音师
208958,25.0,越来越不懂,7214,作词蔡健雅作曲蔡健雅在我二十二岁时回想起当时多么想谈恋爱妈妈说就让它来然而在我三十二岁时发现我没太多的心去等待它失去某种色彩得不到的就更加爱太容易来的就不理睬其实谁不想遇见真爱爱得绝对爱得坦白以为遇上了就会明白但每次它只留下惊鸿一瞥的感慨我越来越不懂爱才三十二岁的我虽然一个人过也过得够精彩偶尔才想谈恋爱然而爱总是乱了节拍我只能够瞎猜也许能中了头彩中了又觉得奇怪得不到的就更加爱太容易来的就不理睬其实谁不想遇见真爱爱得绝对爱得坦白以为遇上了就会明白但每次它只留下惊鸿一瞥的感慨我越来越不懂爱得不到的无所谓就算是自我安慰没必要伤悲得不到的就更加爱太容易来的就不理睬其实谁不想遇见真爱爱得绝对爱得坦白以为遇上了就会明白但每次它只留下惊鸿一瞥的感慨我越来越不懂爱以为遇上了就会明白但每次它只留下惊鸿一瞥的感慨我越来越不懂爱
539941039,80.0,佛系少女,12107534,作词申名利朱鸽作曲朱鸽编曲朱鸽我失了忆每天都是星期七赖在家里学树懒倍速挪移床和游戏每一个都要宠溺以免它们吃醋妒忌伤了和气电话响起又在期待的奇迹不自觉的开始有些紧张心悸幻想和你聊什么样的话题不着痕迹透露会惊讶的秘密你说你喜欢森女系而我多了一个就像去掉一半变我在默默等着你哪怕中年危机我的爱不过气你说爱喜欢随天意我就爱上了锦鲤预支了所有运气换一次概率拉低伪装的不在意假装很佛系自定义的甜蜜红尘滚滚不要着急出门带一杯枸杞人生苦短迟早如意干杯吧为了友谊电话响起又在期待的奇迹不自觉的开始有些紧张心悸幻想和你聊什么样的话题不着痕迹透露会惊讶的秘密你说你喜欢森女系而我多了一个就像去掉一半变我在默默等着你哪怕中年危机我的爱不过气你说爱喜欢随天意我就爱上了锦鲤预支了所有运气换一次概率拉低伪装的不在意假装很佛系自定义的甜蜜你说你最喜欢原滋原味而我就像是你一个累赘为了爱我放弃你学不会别管我让微笑一直伴随我说我最喜欢你的滋味因为你我可以整夜不睡等到你遇见你这个机会我相信我的直觉一定对你说你喜欢森女系而我多了一个就像去掉一半变我在默默等着你哪怕中年危机我的爱不过气你说爱喜欢随天意我就爱上了锦鲤预支了所有运气换一次概率拉低伪装的不在意假装很佛系自定义的甜蜜吉他朱家明和声皎月朱鸽编配朱鸽冯提莫录音朱鸽浔浔混音殇小谨母带冯剑平监制暗杠制作人朱鸽
1294899063,92.0,陷阱,28083340,作词石锦秋作曲石锦秋一封信两年都没动笔三个字过了几个四季你是有多想逃避来不及问问你我已经错过相爱的日期那天你消失在人海里你的背影沉默得让人恐惧你说的那些问题我回答得很坚定偏偏那个时候我最想你我不曾爱过你我自己骗自己已经给你写了信又被我丢进海里我不曾爱过你我自己骗自己明明觉得自己很冷静却还掉入我自己的陷阱那天你消失在人海里你的背影沉默得让人恐惧你说的那些问题我回答得很坚定偏偏那个时候我最想你我不曾爱过你我自己骗自己已经给你写了信又被我丢进海里我不曾爱过你我自己骗自己明明觉得自己很冷静却还掉入我自己的陷阱一个人在夜里想的太多离开我你的生活不再寂寞我不曾爱过你我自己骗自己已经给你写了信又被我丢进海里我不曾爱过你我不曾爱过你我自己骗自己已经给你写了信又被我丢进海里我不曾爱过你我自己骗自己明明觉得自己很冷静却还掉入我自己的陷阱
86849,275.0,爱与诚,2849,作词林夕作曲曹雪芬编曲其实自己一个更开心只等你讲其实大家早已嫌大家却扮忙恨有多一点碰撞仍然无聊事干不敢打搅对方要是你愿意诚实讲一趟彼此都起码觉得释放不要哭我也忍得了这些年来的委曲没法真心爱下去只好真心真意的结束别再做情人做只猫做只狗不做情人做只宠物至少可爱迷人和你不瞅不睬最终只会成为敌人沦为旧朋友是否又称心没有心只像闲人若有空难道有空可接吻注定似过路人陌生你怎么手震长期被迫恋爱也真比失恋更惨长期扮演若无其事般更困难是我专登反应慢明明为时甚晚牌一早该要摊再像我伴侣仍望多一眼一生都将会记得今晚别再做情人做只猫做只狗不做情人做只宠物至少可爱迷人和你不瞅不睬最终只会成为敌人沦为旧朋友是否又称心没有心只像闲人若有空难道有空可接吻这预告发自虔诚内心对不起自动分手错愕的你怕会伤感麻木的我现在也可转台来贺你新生别再做情人做只猫做只狗不做情人做只宠物至少可爱迷人和你相交不浅无谓明日会被你憎沦为旧朋友是否又称心没有心只像闲人若有空难道有空可接吻注定似过路人陌生你怎么手震监制雷颂德
1304882023,31.0,当真,188694,作词蒋家驹作曲蒋家驹女如果谁能记得记得未必深刻深刻的记得那个我快乐不快乐男如果谁还不舍未必有舍有得得到了什么别问我吝啬不吝啬女别太当真暧昧是感性留的后遗症是追根刨底始终没结论颓废的像尊瘟神伤了自尊就向我注射几针男我当了真爱你是惯性慢慢在延伸是路口及时亮起了红灯才显得我多么蠢这种才能只配做个过路人过路人女如果谁还不舍未必有舍有得得到了什么别问我吝啬不吝啬合别太当真暧昧是感性留的后遗症是追根刨底始终没结论颓废的像尊瘟神伤了自尊就向我注射几针合我当了真爱你是惯性慢慢在延伸是路口及时亮起了红灯才显得我多么蠢这种才能只配做个过路人合别太当真暧昧是感性留的后遗症是追根刨底始终没结论颓废的像尊瘟神伤了自尊就向我注射几针合我当了真爱你是惯性慢慢在延伸是路口及时亮起了红灯才显得我多么蠢这种才能只配做个过路人过路人
439121995,15.0,你一定要幸福 (cover 何洁),5001,作词唐恬作曲吴梦奇编曲向不二吉他刘易让合音王勖录音吴晓强混音王勖沿着路灯一个人走回家和老朋友打电话你那里天气好吗有什么新闻可以当作笑话回忆与我都不爱说话偶尔我会想起他心里有一些牵挂有些爱却不得不各安天涯在夜深人静的时候想起他送的那些花还说过一些撕心裂肺的情话赌一把幸福的筹码在人来人往的街头想起他他现在好吗可我没有能给你想要的回答可是你一定要幸福啊回忆与我都不爱说话偶尔我会想起他心里有一些牵挂有些爱却不得不各安天涯在夜深人静的时候想起他送的那些花还说过一些撕心裂肺的情话赌一把幸福的筹码在人来人往的街头想起他他现在好吗可我没有能给你想要的回答可是你一定要幸福啊在夜深人静的时候想起他送的那些花还说过一些撕心裂肺的情话赌一把幸福的筹码在人来人往的街头想起他他现在好吗可我没有能给你想要的回答可是你一定要幸福啊幸福啊
406475388,102.0,圆,768208,作词林若宁作曲编曲褚镇东圆是美满圆是那个令人甜蜜笑脸圆是翩翩起舞转的圈圈转出一圈圈眷恋圆是欠缺圆是那句令人难受再见最怕最爱已经不会再见欢欣都只靠悼念谁等等等等不到月圆谁怕怕怕快乐快用完可知有情人永远结尾才是新的开端情人团聚的小心愿离开一段开一段新一段人间的圆虽则是不够缘而有生一天会遇见成为遗憾的小心愿诚心许愿一千段都甘愿如果保存幸福一段这一段都一样暖纵使谱不上美满的圆的线谁走走走走出了乐园谁痛痛痛痛恨里复元即使距离还太远我信缘分安于身边情人团聚的小心愿离开一段开一段新一段人间的圆虽则是不够缘而有生一天会遇见成为遗憾的小心愿诚心许愿一千段都甘愿如果保存幸福一段这一段都一样暖纵使少一块缺了的圆圈悲观的豁达点给生命望更远别介意永远差一点的欢笑差一点的温暖差一点好好发展小心愿离开一段开一段新一段人间的缘可绘画一个圆从前那一些小缺陷会令世界美满点仍然怀着的小心愿求新一年多一年新一段如果保存幸福一段这一段都一样暖至少今天你欠缺的明天见
1294899029,37.0,心事,1197168,作词徐秉龙作曲徐秉龙是好久不见又再遇见是不是该有些适合的寒暄用来悼念你毁掉的时间其实不遗憾也不为难泛滥好过纠缠你着实不明白人潮往返总该有人先勇敢喜欢你是我最深的不安其余的心事请你就别管我知道缺憾是一种浪漫好多人还羡慕不来快乐真的是有一些难孤独又太简单心事被你遥感随时涣散这真让人为难喜欢你是我最深的不安其余的心事请你就别管我知道缺憾是一种浪漫好多人还羡慕不来放弃你是我最深的勇敢其余的心事请你就别管你可知缺憾是一种浪漫好多人还羡慕不来你可知脆弱是一种勇敢好多人还羡慕不来好多人才羡慕不来制作人许环良六监制陶诗配唱制作人许环良编曲美国欧阳箐宇吉他美国和音录音室奇大录音室北京录音师六混音室奇大录音室北京混音师六母带工程师美国
442869203,14.0,保留,2843,作词郭顶作曲郭顶看见你在我眼前不去猜想我们隔多远当我夜幕中准备只想让沉默的能开解在不同的遭遇里我发现你的瞬间有种不可言说的温柔直觉在有限的深夜消失之前触摸你的脸我情愿这是幻觉也不愿是种告别已经忘了你的名字就在这座寂静星石怎么还有你的样子被保留给我一整个拥抱好让我不至于太潦倒时间过一分一秒还是觉得相遇太美好在不同的遭遇里我发现你的瞬间有种不可言说的温柔直觉当不远的蓝色渐渐显现这无边境界我始终等待再见只不愿再也不见已经忘了你的名字就在这座寂静星石怎么还有你的样子想形容你的句子关于你所有心事一眼能及的钻石哪一个是你地址忘了你的名字就在这座寂静星石怎么还有你的样子我始终等待再见只不愿再也不见真的忘了你的名字是在哪座寂静星石一直还有你的样子被保留
547976490,12.0,爱了很久的朋友,9548,作词林珺帆作曲黄韵玲编曲黄韵玲本来想着以后有了什么就够到后来我只能够想象你们的以后以为我像气球追逐风的自由以后只能怀念释放我的那双手可笑在爱到血肉模糊时候泪水能补救可惜到伤疤结在心头只能笑一笑问候好在有千言万语也没人肯说内疚因为到最后最痛苦的分手总有快乐的理由以为永远很远不愿就此停留以后有太多可能何必叫青春将就以为我会改变变得更懂爱情最后我们变成爱了很久的朋友可笑在爱到血肉模糊时候泪水能补救可惜到伤疤结在心头只能笑一笑问候好在有千差万错也没人肯说内疚因为到最后最痛苦的分手总有快乐的理由可笑在爱到血肉模糊时候泪水能补救可惜到伤疤结在心头只能笑一笑问候好在有千差万错也没人肯说内疚因为到最后我们才能拥有爱了很久的朋友制作人黄韵玲弦乐编曲罗恩妮第一小提琴蔡曜宇朱奕宁骆思云第二小提琴卢思蒨陈泱瑾黄雨柔中提琴甘威鹏牟启东大提琴刘涵隐分子弦乐行政黄雨柔混音袁述中吉他钟承洋贝斯陈纪烽鼓林俊宏和声田馥甄录音师马丁录音室华研猛蛋录音室制作企划统筹葛大为
114389,25.0,你那么爱她,3705,作词林隆璇作曲林隆璇编曲洪敬尧直到爱消失你才懂得去珍惜身边每个美好风景只是它早已离去直到你想通她早已经不再对你留恋最后的你开始了一段挣扎你那么爱她为什么不把她留下为什么不说心里话你深爱她这是每个人都知道啊你那么爱她为什么不把她留下是不是你有深爱的两个她所以你不想再让自己无法自拔直到爱消失你才懂得去珍惜身边每个美好风景只是它早已离去直到你想通她早已经不再对你留恋最后的你开始了一段挣扎你那么爱她为什么不把她留下为什么不说心里话你深爱她这是每个人都知道啊你那么爱她为什么不把她留下是不是你有深爱的两个她所以你不想再让自己无法自拔你那么爱她为什么不把她留下为什么不说心里话你深爱她这是每个人都知道啊你那么爱她为什么不把她留下是不是你有深爱的两个她所以你不想再让自己无法自拔
554242032,6.0,飞云之下,7891,作词易家扬作曲林俊杰编曲制作人林俊杰人声录音林俊杰瞿然李岳松黄冠龙混音周天澈封面设计方亮录音棚韩红风让云长出花漫天的花无声开在乌云之下然后又飘到哪里呀喔林俊杰漫步在人海的人你过得好吗是不是又想念家心中那炙热的梦啊合它多久没说话韩红在飞云之下以为忘了的家在耳里说话叫我别烦心那些痛与怕林俊杰喔半路上的我穿上回忆和风沙合在飞云之下韩红我看着海峡走月光沙滩我也承认我还是会想他喔且慢前面听说风很大林俊杰心在云里摩擦又酸又麻但是思念在梦里爬以后还有谁值得等吗喔韩红孤单是件风衣它裹起了怕然而我很勇敢啊没人记得我也没差合未来在等我去拿韩红在飞云之下以为忘了的家在耳里说话叫我别烦心那些痛与怕林俊杰喔半路上的我穿上回忆和风沙韩红在飞云之下我看着海峡走月光沙滩合我也承认我还是会想他韩红喔且慢林俊杰且慢合前面听说风很大喔韩红在飞云之下以为忘了的家在耳里说话叫我别烦心那些痛与怕林俊杰半路上的我穿上回忆和风沙韩红飞云之下我看着海峡走月光沙滩我也承认我还是会想他合且慢前面听说风很大喔
108251,65.0,当你,3684,作词张思尔作曲林俊杰编曲吴庆隆原唱王心凌如果有一天我回到从前回到最原始的我你是否会觉得我不错如果有一天我离你遥远不能再和你相约你是否会发觉我已经说再见当你的眼睛眯着笑当你喝可乐当你吵我想对你好你从来不知道想你想你也能成为嗜好当你说今天的烦恼当你说夜深你睡不着我想对你说却害怕都说错好喜欢你知不知道如果有一天梦想都实现回忆都成了永远你是否还会记得今天如果有一天我们都发觉原来什么都可以我们是否还会停留在这里当你的眼睛眯着笑当你喝可乐当你吵我想对你好你从来不知道想你想你也能成为嗜好当你说今天的烦恼当你说夜深你睡不着我想对你说却害怕都说错好喜欢你知不知道也许空虚让我想得太多也许该回到被窝梦里会相遇就毫不犹豫大声地说我要说当你的眼睛眯着笑当你喝可乐当你吵我想对你好你从来不知道想你想你也能成为嗜好当你说今天的烦恼当你说夜深你睡不着我想对你说却害怕都说错好喜欢你知不知道我想对你好你从来不知道想你想你也能成为嗜好我想对你说却害怕都说错好喜欢你知不知道制作人吴剑泓制作协力陈炯顺刘永辉配唱制作键盘吴庆隆鼓贝斯吉他和声编写林倛玉和声林倛玉录音室录音师吴剑泓混音室混音师吴剑泓北京大石版权音乐有限公司
33894275,16.0,I Will Show You,125175,
27937466,170.0,忽然之间,8926,作词周耀辉李焯雄作曲林健华忽然之间天昏地暗世界可以忽然什么都没有我想起了你再想到自己我为什么总在非常脆弱的时候怀念你我明白太放不开你的爱太熟悉你的关怀分不开想你算是安慰还是悲哀而现在就算时针都停摆就算生命像尘埃分不开我们也许反而更相信爱如果这天地最终会消失不想一路走来珍惜的回忆没有你我明白太放不开你的爱太熟悉你的关怀分不开想你算是安慰还是悲哀而现在就算时针都停摆就算生命像尘埃分不开我们也许反而更相信爱我明白太放不开你的爱太熟悉你的关怀分不开想你算是安慰还是悲哀而现在就算时针都停摆就算生命像尘埃分不开我们也许反而更相信爱
1313354324,52.0,出山,8103,作词花粥作曲花粥在夜半三更过天桥从来不敢回头看白日里是车水马龙此时脚下是忘川我独自走过半山腰山间野狗来作伴层林尽染百舸流秋风吹过鬼门关一瞬三年五载品粗茶食淡饭六界八荒四海无人与我来叫板人间荒唐古怪竹林外有书斋匿于此地畅快偏来者不善善者不来是我装模作样在瞎掰还是他们本就心怀鬼胎有人不知悔改迷雾中混淆黑白在情怀里市侩旁人不敢来拆穿看似时来运转实则在顶风作案待曲终又人散这一出还有谁在围观在凡尘修炼二十载听闻水能滴石穿帝王豪杰风云变幻敌不过桑田沧海我不关心谁的江山只眷恋两小无猜兴风作浪不稀罕只身固守峨眉山一瞬三年五载品粗茶食淡饭六界八荒四海无人与我来叫板人间荒唐古怪竹林外有书斋匿于此地畅快偏来者不善善者不来是我装模作样在瞎猜还是他们本就心怀鬼胎有人不知悔改迷雾中混淆黑白在情怀里市侩旁人不敢来拆穿看似时来运转实则在顶风作案待曲终又人散这一出还有谁在围观静悄悄配唠唠叨叨随便瞧瞧我凑凑热闹客串也别太潦草吃的生蚝要蘸个酱料悄悄你唠唠叨叨随便瞧瞧你凑的热闹听到你做个记号请装进书包别四处招摇有人迷途知返便是苦尽甘来一瞬三年五载这曲终又人散合作音乐人王胜男音乐制作录音师种旭混音母带处理钻石狗音乐工作室北京专辑封面设计姜小海
548556306,30.0,选择失忆,12262634,作词箱子君作曲箱子君一杯烈酒倒入喉是你给的温柔想念翻滚如浪腾最后更痛最后的最后不过是一场梦心越来越痛如果回到最初如何能选择忘记忘记每一段过去你的话语太伤心一点也没有余地可我还是会想你去想你没忘记你刺痛我心或许一切都归零归零到最初记忆我一定选择不会继续爱你我的爱已经选择暂停选择了失忆一杯烈酒倒入喉是你给的温柔想念翻滚如浪腾最后更痛最后的最后不过是一场梦心越来越痛如果回到最初如何能选择忘记忘记每一段过去你的话语太伤心一点也没有余地可我还是会想你去想你没忘记你刺痛我心或许一切都归零归零到最初记忆我一定选择不会继续爱你我的爱已经选择暂停选择了失忆如何能选择忘记忘记每一段过去你的话语太伤心一点也没有余地可我还是会想你去想你没忘记你刺痛我心或许一切都归零归零到最初记忆我一定选择不会继续爱你我的爱已经选择暂停选择了失忆
526468083,17.0,疏远,12997045,作词虞嫣作曲虞嫣编曲小诺缩混制作人莫小娘和声皎月动听音乐眼前这个城市灯火通明像极了我曾幻想的完美爱情这侵略性的夜景涌进了眼睛面对黑色玻璃我望着自己你口中的我总是遮遮掩掩抽回的手像是表演在谁面前深色斜纹衬衣我从他的眼睛看穿这刻诡异的平静你我之间像一根绷紧的弦断与不断不就是一念之间不曾乞求你能懂得多一点穿越爱情火焰再睁不开眼端坐在阴冷冷的房间眼前的一切我都看不真切挥之不去那张精致鹅蛋脸谎言掩饰谎言其实你不必再疏远还在追究真相实在不该我在封闭空间想象你的出现这尖利般的痛楚你不以为然铃声打破死寂请你别再说明这反转剧情开始跌破眼镜像个卑微小丑听你解释问题压抑气氛延续你送我的伤心请收起用意别去提起你我之间像一根绷紧的弦断与不断不就是一念之间不曾乞求你能懂得多一点穿越爱情火焰再睁不开眼端坐在阴冷冷的房间眼前的一切我都看不真切挥之不去那张精致鹅蛋脸谎言掩饰谎言其实你不必再疏远你我之间像一根绷紧的弦断与不断不就是一念之间不曾乞求你能懂得多一点穿越爱情火焰再睁不开眼端坐在阴冷冷的房间眼前的一切我都看不真切挥之不去那张精致鹅蛋脸谎言掩饰谎言其实你不必再疏远
108493,63.0,我还想她,3684,作词邢增华作曲林俊杰编曲吴庆隆泪水将我淹没到底谁该难过究竟是谁放掉这段感情我才终于明白办不到的承诺就成了枷锁现实中幸福永远缺货请告诉她我不爱她笑着难过自我惩罚想终止这一切挣扎横了心说真心谎话别告诉她我还想她恨总比爱容易放下当泪水堵住了胸口就让沉默代替所有回答我才终于明白办不到的承诺就成了枷锁现实中幸福永远缺货请告诉她我不爱她笑着难过自我惩罚想终止这一切挣扎横了心说真心谎话别告诉她我还想她恨总比爱容易放下当泪水堵住了胸口就让沉默代替所有回答我不爱我不痛我不懂我的心早已掏空真心话言不由衷请告诉她我不爱她笑着难过自我惩罚想终止这一切挣扎横了心说真心谎话别告诉她我还想她恨总比爱容易放下当泪水堵住了胸口就让沉默代替所有回答别告诉她我还想她就让沉默代替所有回答制作人许环良制作协力陈炯顺键盘吴庆隆吉他小提琴周莹和声编写许环良和声录音室录音师许环良混音室混音师许环良大潮音乐经纪有限公司
516728102,55.0,浪子回頭,1039873,作词黄奇斌作曲黃奇斌烟一支一支一支的点酒一杯一杯一杯的干请你要体谅我我酒量不好卖给我冲康时间一天一天一天的走汗一滴一滴一滴的流有一天咱都老带某子逗阵浪子回头亲爱的可爱的英俊的朋友垃圾的没品的没路用的朋友伫坎坷的路骑我两光摩托车横竖我的人生甘哪狗屎我没钱没某没子甘哪一条命朋友啊逗阵来搏烟一支一支一支的点酒一杯一杯一杯的干请你要体谅我我酒量不好卖给我冲康时间一天一天一天的走汗一滴一滴一滴的流有一天咱都老带某子逗阵浪子回头伫坎坷的路骑我两光摩托车横竖我的人生甘哪狗屎我没钱没某没子甘哪一条命朋友啊逗阵来搏烟一支一支一支的点酒一杯一杯一杯的干请你要体谅我我酒量不好卖给我冲康时间一天一天一天的走汗一滴一滴一滴的流有一天咱都老带某子逗阵带某子逗阵带某子逗阵
1323304621,5.0,浪子回头 (cover 茄子蛋),30285508,作词黃奇斌作曲黃奇斌烟一支一支一支地点酒一杯一杯一杯地干请你要体谅我我酒量不好别给我挖坑时间一天一天一天的走汗一滴一滴一滴的流有一天我们都老带妻子一起浪子回头亲爱的可爱的英俊的朋友垃圾的没品的没出息的朋友在坎坷的路骑我二流摩托车反直我的人生像是狗屎我没钱没妻没子只有一条命朋友阿一起来赌吧烟一支一支一支地点酒一杯一杯一杯地干请你要体谅我我酒量不好别给我挖坑时间一天一天一天的走汗一滴一滴一滴的流有一天我们都老带妻子一起浪子回头在坎坷的路骑我二流摩托车反直我的人生像是狗屎我没钱没妻没子只有一条命朋友阿一起来赌吧烟一支一支一支地点酒一杯一杯一杯地干请你要体谅我我酒量不好别给我挖坑时间一天一天一天的走汗一滴一滴一滴的流有一天我们都老带妻子一起带妻子一起带妻子一起
574921549,28.0,怪咖,5781,作词薛之谦作曲薛之谦制作人郑楠编曲郑楠录音汝文博吉他郭一凡郑楠和声编写余昭源和声余昭源弦乐编写郑楠弦乐国际首席爱乐乐团大提琴独奏郎莹混音赵靖母带赵靖你的改变很难制止了我的取悦也不是天生的熟练了喜怒就合并了你的理由是星星点点的我尽量充当气氛营造者练就成了无痛的角色再听多几次分开的话越致命越不正面回答感情里的怪咖有铺垫就不尴尬所以要找个延期方法既平静还能突然挣扎我自愿作怪咖就不怕被你笑话你的铺垫零零散散的别去揭穿话题制造者我记得你也会不舍我偶尔取悦也会失手的搞笑的人变成做恶的我习惯了无痛的货色再听多几次分开的话越致命越不正面回答感情里的怪咖有铺垫就不尴尬所以要找个延期方法既平静还能突然挣扎我自愿作怪咖就不怕被你笑话你还有几次分开的话新鲜感不佳词语匮乏感情里的怪咖可手里也没筹码所以要找个缓冲方法直到有天我也放得下我不是个怪咖是不计较的惩罚感情里的怪咖再难过也笑着说吧
445154140,17.0,最后一页（翻自 江语晨） ,12205120,作词宋健彰作曲詹宇豪原唱江语晨雨停滞天空之间像泪在眼眶盘旋这也许是最后一次见面沿途经过的从前还来不及再重演拥抱早已悄悄冷却海潮声淹没了离别时的黄昏只留下不舍的体温星空下拥抱着快凋零的温存爱只能在回忆里完整想把你抱进身体里面不敢让你看见嘴角那颗没落下的泪如果这是最后的一页在你离开之前能否让我把故事重写雨停滞天空之间像泪在眼眶盘旋这也许是最后一次见面沿途经过的从前还来不及再重演拥抱早已悄悄冷却海潮声淹没了离别时的黄昏只留下不舍的体温星空下拥抱着快凋零的温存爱只能在回忆里完整想把你抱进身体里面不敢让你看见嘴角那颗没落下的泪如果这是最后的一页在你离开之前能否让我把故事重写想把你抱进身体里面不敢让你看见嘴角那颗没落下的泪如果这是最后的一页在你离开之前能否让我把故事重写
426852531,12.0,太迟,12108093,作词翁梓铭作曲于博雅时间在推移反反复复只会前进命运在转移点点滴滴没有头绪太多的回忆看似像喜剧却独自在夜幕降临的时候才悟醒甜蜜的话语字字句句印在脑里所有情绪已被时间埋藏在过去里分分秒秒过去年年月月逝去究竟还有多少欢喜留在我的心底看不清一切都已经来不及回到过去我努力试着让故事继续于事无补的写下去却让结局成了悲剧一切都只不过是完美的闹剧离不开虚华的灯红酒绿这是现实下的规律来不及回到过去时间在推移反反复复只会前进命运在转移点点滴滴没有头绪太多的回忆看似像喜剧却独自在夜幕降临的时候才悟醒甜蜜的话语字字句句印在脑里所有情绪已被时间埋藏在过去里分分秒秒过去年年月月逝去究竟还有多少欢喜留在我的心底看不清一切都已经来不及回到过去我努力试着让故事继续于事无补的写下去却让结局成了悲剧一切都只不过是完美的闹剧离不开虚华的灯红酒绿这是现实下的规律来不及回到过去
1336706129,146.0,等你下课,31057946,作词无作曲周杰伦你住的巷子里我租了一间公寓为了想和你不期而遇高中三年我为什么为什么不好好读书没考上跟你一样的大学我找了份工作离你宿舍很近我开始学会做蛋饼才发现你不吃早餐喔你又擦肩而过你耳机听什么能不能告诉我躺在你学校的操场看星空教室里的灯还亮着你没走记得我写给你的情书都什么年代了到现在我在写着总有一天总有一年会发现有人默默的陪在你的身边也许我不该在你的世界当你收到情书也代表我已经走远学校旁的广场我在这等钟声响等你下课一起走好吗我弹着琴唱你爱的歌暗恋一点都不痛苦痛苦的是你根本没看我我唱这么走心走不进你心里在人来人往找寻着你守护着你不求结局喔你又擦肩而过我唱告白气球终于你回了头躺在你学校的操场看星空教室里的灯还亮着你没走记得我写给你的情书都什么年代了到现在我还在写着总有一天总有一年会发现有人默默的陪在你的身边也许我不该在你的世界当你收到情书也代表我已经走远
473440527,28.0,外愈,9255,作词朱鸽作曲朱鸽编曲朱鸽弦乐编写李嘉宁和声编写朱鸽和声任然缩混殇小谨录音室混音室有人等在那家咖啡馆熟悉音乐播放不间断只为了纪念他们的走散有一些习惯确实伤感假装隐藏却莫名心酸想表现坦然明明两难没有谁能比谁更加好过掩饰伤口不代表谁软弱不要解释反而弄巧成拙想洒脱就别执着没了谁谁都一样的好过伤口随时间都会愈合终于明白过往会吞没所有
33756016,742.0,明天你好,12437,作词牛奶咖啡作曲王海涛看昨天的我们走远了在命运广场中央等待那模糊的肩膀越奔跑越渺小曾经并肩往前的伙伴在举杯祝福后都走散只是那个夜晚我深深的都留藏在心坎长大以后我只能奔跑我多害怕黑暗中跌倒明天你好含着泪微笑越美好越害怕得到每一次哭又笑着奔跑一边失去一边在寻找明天你好声音多渺小却提醒我勇敢是什么当我朝着反方向走去在楼梯的角落找勇气抖着肩膀哭泣问自己在哪里曾经并肩往前的伙伴沉默着懂得我的委屈时间它总说谎我从不曾失去那些肩膀长大以后我只能奔跑我多害怕黑暗中跌倒明天你好含着泪微笑越美好越害怕得到每一次哭又笑着奔跑一边失去一边在寻找明天你好声音多渺小却提醒我长大以后我只能奔跑我多害怕黑暗中跌倒明天你好含着泪微笑越美好越害怕得到每一次哭又笑着奔跑一边失去一边在寻找明天你好声音多渺小却提醒我勇敢是什么
1334647784,83.0,天份,5781,作词薛之谦作曲薛之谦用怀念的方式在一起的样子距离一尺秋叶不止确认一次用投入的方式你离开的样子松开手指欲言又止确认了几次所以爱过的人倾诉给麻木的城市在夜里疼痛时抚平你的幼稚可是谁没有一次不顾一切的坚持话要适可而止挽留的举止我有点疼但是我还能忍是不是爱你我算还有点天份可能我太认真你已经不算坏人我有点疼但是我还能忍是不是习惯了能换一点缘份让沉默的秒针代替我的疑问所以爱过的人倾诉给麻木的城市在夜里疼痛时抚平你的幼稚可是谁没有几次不顾一切的争执要学会点到为止直到分开为止我有点疼但是我还能忍是不是爱你我算还有点天份可能我太认真你已经不算坏人我有点疼但是我还能忍是不是习惯了能换一点缘份让沉默的秒针代替我的疑问制作人薛之谦编曲郑伟合音薛之谦混音郑伟人声录制严若晨录音棚黄轲东华大学声音工作室母带
27713963,37.0,好心分手,8330,作词黄伟文作曲雷颂德编曲雷颂德罗尚正卢是否很惊讶讲不出说话没错我是说你想分手吗曾给你驯服到就像绵羊何解会反咬你一下你知吗王也许该反省不应再说话被放弃的我应有此报吗如果我曾是个坏牧羊人能否再让我试一下抱一下卢回头望伴你走从来未曾幸福过王恨太多没结果往事重提是折磨卢下半生陪住你怀疑快乐也不多王被我伤让你痛卢好心一早放开我从头努力也坎坷通通不要好过王为何唱着这首歌为怨恨而分手问你是否原谅我卢若注定有一点苦楚不如自己亲手割破王回头吧不要走不要这样离开我恨太多没结果往事重提是折磨卢下半生陪住你怀疑快乐也不多没有心别再拖好心一早放开我从头努力也坎坷通通不要好过王为何唱着这首歌为怨恨而分手问你是否原谅我卢若勉强也分到不多不如什么也摔破王好心分手每天播卢可知歌者也奈何难捱就无谓再拖好心一早放开我从头努力也坎坷通通不要好过王为何唱着这首歌为怨恨而分手问你是否原谅我卢若注定有一点苦楚不如自己亲手割破
435288399,28.0,空心 ,12136042,作词姚若龙作曲光泽热爱曾是唯一的信仰相互凝望让对方捆绑在那时候简单的好傻却又空前绝后快乐啊直到现实狠狠推一把跌到浑身是伤疤你在欲望面前投降我在伤痛后面成长终于知道爱都有翅膀怎么拥抱它终究要飞翔漆黑空心也想被释放奈何思念比恨更顽强有个怀抱暖得像张床有份善良微笑多晴朗有一张唇美丽又疯狂为何爱谁心都空荡荡当我听说你与他散场狼狈回家带着伤朋友都说那是惩罚我的心却多么痛啊虽然知道爱都有翅膀因为太爱所以会原谅漆黑空心也想被释放奈何思念比恨更顽强无法割舍就别怕感伤我也嫌我对你太滚烫深爱就像一种命一样没有任何方法能阻挡就算知道爱都有翅膀还是愿意让你停靠在我肩膀你也不用把我当作家把我当成一棵树吧
431357712,76.0,你在终点等我,9621,作词姚若龙作曲陈小霞编曲赵兆是你给了我一把伞撑住倾盆撒落的孤单所以好想送你一弯河岸洗涤腐蚀心灵的遗憾给你我所有的温暖脱下唯一挡风的衣衫思念刮过背脊打着冷颤眼神仍旧为你而点燃我一直追寻着你心情的足迹被所有的人误解都要理解你准备好当擦亮你天际的浮云你却在终点等我笑里有雨滴我甘愿成全了你珍藏的往昔只想你找回让你像你的热情然后就拖着自己到山城隐居你却在终点等我住进你心里没有你的地方都是他乡没有你的旅行都是流浪那些兜兜转转的曲折与感伤都是翅膀都为了飞来你肩上我一直追寻着你心情的足迹被所有的人误解都要理解你准备好当擦亮你天际的浮云你却在终点等我笑里有雨滴我甘愿成全了你珍藏的往昔只想你找回让你像你的热情然后就拖着自己到山城隐居你却在终点等我住进你心里
35040810,9.0,谁记得,896457,作词柳妍熙作曲东南他说的我们到底算是什么难道听到的感觉都是错的暧昧与溺爱总是差了什么明明彼此笑了却又不见了你不在的世界里都是阴天思念像太用力会扯断的线沉默却压抑着燃烧的我们该死的勇气到底在哪里我记得那瞬间相拥一起不會疲倦说好彼此想念却变成背对背怀念谁记得那瞬间我们像永恒的画面按下了暂停键想念一直停在指尖错爱过痛哭过却不想放手难道我们还抱着回忆享受放过我也想要你放过自己爱就要说出口别假装朋友我记得那瞬间相拥一起不會疲倦说好彼此想念却变成背对背怀念谁记得那瞬间我们像永恒的画面按下了暂停键想念一直停在指尖我记得那瞬间相拥一起不會疲倦说好彼此想念却变成背对背怀念谁记得那瞬间我们像永恒的画面按下了暂停键想念一直停在指尖按下了暂停键想念一直停在指尖
454935870,43.0,让我留在你身边,12126098,作词唐汉霄作曲唐汉霄原唱鹿晗后期维她命我从来不说话因为我害怕没有人回答我从来不挣扎因为我知道这世界太大太多时间浪费太多事要面对太多已无所谓太多难辨真伪太多纷扰是非在你身边是谁最渺小的我有大大的梦时间向前走一定只有路口没有尽头纷纷扰扰这个世界所有的了解只要让我留在你身边最渺小的我有大大的梦我愿意安静的活在每个有你的角落如果生活还有什么会让你难过别怕让我留在你身边都陪你渡过最渺小的我最卑微的梦我发现这世界没有那么那么的不同现实如果对你不公别计较太多走吧暴风雨后的彩虹也许会落空也许会普通也许这庸庸碌碌的黑白世界你不懂生命中所有的路口绝不是尽头别怕让我留在你身边都陪你渡过
863046037,92.0,Way Back Home,1150188,作词李智慧作曲编曲
191534,41.0,宏愿,6479,作词林夕作曲编曲监制陈光荣明知残酷亦只可以面对期望你回望我无疑更受罪礼物无知还在走的挂钟都似挂住心碎还提示你与我无限分钟的过去明知怀旧换不到勇气然而若要放下你如行过赤地何妨天真想想总有日可再一起离别几千天当做嬉戏如果等到的只得幽怨也是我心愿如果可将光阴都扭转我未怕酸如果可分享当初恩怨也未怕又一次失恋宏愿是大到这样细再与你入戏院流星假使比哭声心软我笑着去许愿离开假使只因性格性格任你选奇迹假使一生得一次这晚让我抱回这份暖遥遥望见你回头怎算是远如宏愿太过渺茫不去预算还好仍然未舍得放弃才明白我会为爱和时间竞技纯如清水只想跟你又走到一起承受些伤悲也是福气如果等到的只得幽怨也是我心愿如果可将光阴都扭转我未怕酸如果可分享当初恩怨也未怕又一次失恋宏愿是大到这样细再与你入戏院流星假使比哭声心软我笑着去许愿离开假使只因性格性格任你选奇迹假使一生得一次这晚让我抱回这份暖幻想比心死更热暖未管新的衫比昨日暖
165381,48.0,你让我懂,5538,作词汪苏泷作曲汪苏泷编曲汪苏泷那时和你在一起幸福真的很容易我把你的手掌握得很紧久久不能平静后来我们的关系被你悄悄结了冰你离我的身边越来越远我能够发现每次难过不让你看见怕你违背心愿其实你不懂我的时间都是用来想念我哼着为你写过的每首歌可能现在的你已经不记得而我对你还是深深的爱着又怎么能割舍请原谅我对你伪装的冷漠不是装的洒脱或想的太多因为你让我懂最深的爱最沉默你眼睛里的秘密从来不让我看清你的一字一句变成了我心里的阴影只恨时间已过去只恨再也来不及不能再看见你每个表情每一个情绪每次难过不让你看见怕你违背心愿其实你不懂我的时间都是用来想念我哼着为你写过的每首歌可能现在的你已经不记得而我对你还是深深的爱着又怎么能割舍请原谅我对你伪装的冷漠不是装的洒脱或想的太多因为你让我懂最深的爱最沉默为你写的每首歌可能你已不记得走过每个场景都是回忆我要怎么忘记请原谅我对你伪装的冷漠不是装的洒脱或想的太多因为你让我懂最深的爱最沉默
474739467,18.0,心安理得,12390184,作词尤雅琪作曲胜屿编曲音乐录混音乐和声杭州音乐寥寥几句算多陌生熟悉轮廓回忆此时又算什么责怪都舍不得算不算是懦弱爱情本就无关对错只是你太粗心大意忽略了我的感受只是我太执着在意拥有你给的温柔你的借口理由我照单全收如果说是我太过迁就所以沦为爱囚活该我独自承受独自寂寞转身怀旧真心付出不够不适合厮守如果说放手是种解脱挽留又有何用为何还会依依不舍配合你要的结果我心安理得责怪都舍不得算不算是懦弱爱情本就无关对错只是你太粗心大意忽略了我的感受只是我太执着在意拥有你给的温柔你的借口理由我照单全收如果说是我太过迁就所以沦为爱囚活该我独自承受独自寂寞转身怀旧真心付出不够不适合厮守如果说放手是种解脱挽留又有何用为何还会依依不舍配合你要的结果我心安理得如果说是我太过迁就所以沦为爱囚活该我独自承受独自寂寞转身怀旧真心付出不够不适合厮守如果说放手是种解脱挽留又有何用为何还会依依不舍配合你要的结果我心安理得配合你要的结果我心安理得
5256956,852.0,放生,2736,作词武雄作曲梁可耀编曲蔡庭贵地点是城市某个角落时间在午夜时刻无聊的人常在这里出没交换一种寂寞我静静坐在你的身后你似乎只想沉默我猜我们的爱情已到尽头无话可说比争吵更折磨不如就分手放我一个人生活请你双手不要再紧握一个人我至少干净利落沦落就沦落爱闯祸就闯祸我也放你一个人生活你知道就算继续结果还是没结果又何苦还要继续迁就我静静坐在你的身后你似乎只想沉默我猜我们的爱情已到尽头无话可说比争吵更折磨不如就分手放我一个人生活请你双手不要再紧握一个人我至少干净利落沦落就沦落爱闯祸就闯祸我也放你一个人生活你知道就算继续结果还是没结果就彼此放生留下活口爱的时候说过的承诺爱过以后就不要强求从此分手不必再回头各自生活曾经孤单加上孤单是爱火燃烧过你和我如今沉默加上沉默更沉默再没有什么舍不得放我一个人生活请你双手不要再紧握一个人我至少干净利落沦落就沦落爱闯祸就闯祸我也放你一个人生活你知道就算继续结果还是没结果就彼此放生彼此留下活口
167841,40.0,叹服,5771,作词许嵩作曲许嵩电影院里你的背影还是那么纯情有种迷人的魅力隔着陌生的距离昨天分手你止不住眼泪的决堤还问我为何相爱的人不能在一起你的过去没人知道想搜索也搜索不到我俩唯一合影你甜美在笑我叹服你的技巧把爱情玩转的如此巧妙在你的心里早已设计好什么时间把我丢掉我叹服你的技巧把爱情玩转的如此花哨可你的内心不配你的外表我该庆幸自己成功地脱逃昨天分手你止不住眼泪的决堤还问我为何相爱的人不能在一起你的过去没人知道想搜索也搜索不到我俩唯一合影你甜美在笑我叹服你的技巧把爱情玩转的如此巧妙在你的心里早已设计好什么时间把我丢掉我叹服你的技巧把爱情玩转的如此花哨可你的内心不配你的外表我该庆幸自己成功地脱逃我也知道这个世界没有那么多的童话却还总是对那真爱抱有一丝幻想所以活该承受幻想与现实之间的落差虽然在他们的眼里我是一只傻瓜我也知道这个世界没有那么多的童话却还总是对那真爱抱有一丝幻想所以活该承受幻想与现实之间的落差虽然在他们的眼里我是一只傻瓜我叹服你的技巧把爱情玩转的如此巧妙在你的心里早已设计好什么时间把我丢掉我叹服你的技巧把爱情玩转的如此花哨可你的内心不配你的外表我该庆幸自己成功脱逃
213737,15.0,Love Paradise,7235,作词作曲陈光荣
34723470,693.0,东京不太热,12172529,作词作曲作曲作词收藏夹的照片看了又删去年夏天后就没聊过天一盏一盏街灯烘焙了夜只有手中烟在寂寞地渲染人太多大部分是漫无目的的走听着歌想念一个人心痛也不说悄悄看外边的情侣暧昧牵着手你也牵过手是左手牵右手叮叮当当响起会是谁呢会是她吗什么事呢假装正经帮她把问题都摆平不多聊了去吃饭了明明心里很喜欢却保持着距离噢怕被伤害就伪装出高冷的表情以为这样总有一天她会接近你直到有天看见她和别人在一起一盏一盏街灯烘焙了夜只有手中烟在寂寞渲染收藏夹的照片看了又删去年夏天后就再没聊过天人太多大部分是漫无目的的走听着歌想念一个人心痛也不说悄悄看外边的情侣暧昧牵着手你也牵过手是左手牵右手叮叮当当响起会是谁呢会是她吗什么事呢假装正经帮她把问题都摆平不多聊了去吃饭了明明心里很喜欢却保持着距离噢怕被伤害就伪装出高冷的表情以为这样总有一天她会接近你直到有天看见她和别人在一起优雅的转身熟悉的音乐是我们曾经那一段你已经淡出在我时间轴只留下那天的回忆单曲循环叮叮当当响起会是谁呢会是她吗什么事呢假装正经帮她把问题都摆平不多聊了去吃饭了明明心里很喜欢却保持着距离噢怕被伤害就伪装出高冷的表情以为这样总有一天她会接近你直到有天看见她和别人在一起叮叮当当响起会是谁呢会是她吗什么事呢假装正经帮她把问题都摆平不多聊了去吃饭了明明心里很喜欢却保持着距离噢怕被伤害就伪装出高冷的表情以为这样总有一天她会接近你直到有天看见她和别人在一起叮叮当当响起会是谁呢
115162,294.0,月半小夜曲,3699,作词向雪怀作曲河合奈保子编曲杜自持仍然倚在失眠夜望天边星宿仍然听见小提琴如泣似诉再挑逗为何只剩一弯月留在我的天空这晚以后音讯隔绝人如天上的明月是不可拥有情如曲过只遗留无可挽救再分别为何只是失望填密我的空虚这晚夜没有吻别仍在说永久想不到是借口从未意会要分手但我的心每分每刻仍然被她占有她似这月儿仍然是不开口提琴独奏独奏着明月半倚深秋我的牵挂我的渴望直至以后仍然倚在失眠夜望天边星宿仍然听见小提琴如泣似诉再挑逗为何只剩一弯月留在我的天空这晚以后音讯隔绝人如天上的明月是不可拥有情如曲过只遗留无可挽救再分别为何只是失望填密我的空虚这晚夜没有吻别仍在说永久想不到是借口从未意会要分手但我的心每分每刻仍然被她占有她似这月儿仍然是不开口提琴独奏独奏着明月半倚深秋我的牵挂我的渴望直至以后仍在说永久想不到是借口从未意会要分手但我的心每分每刻仍然被她占有她似这月儿仍然是不开口提琴独奏独奏着明月半倚深秋我的牵挂我的渴望直至以后
25794008,51.0,黑暗骑士,3684,作词阿信作曲林俊杰编曲林俊杰五月天制作人林俊杰五月天主唱林俊杰阿信黑暗里谁还不睡黑色的心情和斗篷假面黑夜的黑不是最黑而在于贪婪找不到底线脚下是卑微的街我孤独站在城市天际线别问我恶类或善类我只是渴望飞的哺乳类善恶的分界不是对立面而是每个人那最后纯洁的防线都逃不过考验有没有一种考验有没有一次淬炼拯救了世界就像英雄电影情节有没有一种信念有没有一句誓言呼唤黎明的出现呼唤黎明的出现呼唤黎明的出现为什么抓光了贼多年来更没目击过抢匪而贫穷还是像潮水淹没了人们生存的尊严文明最巅峰某天人们和蝙蝠却住回洞穴那罪行再也看不见都躲在法律和交易后面善恶的分界不怕难分辨只怕每个人都关上双耳和双眼都害怕去改变有没有一种改变有没有一次壮烈结局的完美就像英雄电影情节有没有一种信念有没有一句誓言呼唤黎明的出现呼唤黎明的出现呼唤黎明的出现呼唤黎明的出现越来越毒的雨水越来越多的灾变越来越远的从前英雄电影情节律师和小丑勾结民代和财团签约善良和罪恶妥协越来越大的企业越来越小的公园越来越深的幻灭英雄电影情节面具下的人是谁或者说不管是谁都无法全身而退都无法全身而退都无法全身而退当我们都走上街当我们怀抱信念当我们亲身扮演英雄电影情节你就是一种信念你就是一句誓言世界正等你出现世界正等你出现配唱制作林俊杰阿信制作协力周信廷键盘林俊杰五月天吉他怪兽石头贝斯玛莎鼓冠佑和声编写林俊杰和声林俊杰录音室五月天录音室录音师黄士杰林俊杰混音室混音师林俊杰认真工作室相信音乐国际股份有限公司
27646409,31.0,你还怕大雨吗,6479,作词易家扬作曲周柏豪编曲冯翰铭制作人冯翰铭乌云下我看这天空真像泼墨画我想走走路并不想回家没办法就在大马路边喝杯咖啡吧想起你那一年站在雨中说怕亲爱的那些记忆现在都跑到哪我过的不是很好却想问你好吗你还怕大雨吗是不是还留短头发无聊的午后特别爱讲爱情的童话你还怕大雨吗我还记得在分手那天风很大但再想不起那时候的话世界是不会停的不管我走到哪雷声在耳边响起像思念的轰炸你还怕大雨吗是不是还留短头发无聊的午后特别爱讲爱情的童话你还怕大雨吗我还记得在分手那天风很大但再想不起那时候的话爱情在大雨下是你是我或许也是他谁也舍不得但要勇敢让自己放下别再怕大雨吧你忘了吗我们那几年说的话说不管怎样都要幸福啊别再怕大雨吧你忘了吗我们那几年说的话说不管怎样都要幸福啊
523251474,15.0,说散就散,12127564,作词张楚翘艾福杰尼黄旭作曲伍乐城编曲伍乐城制作人伍乐城吉他邓建明和声雷有辉录音棚伯乐录音室混音棚香港伯乐录音室录音师香港郑崇谦混音师香港洪天佑录音棚北京北京风生水起文化传媒有限公司录音师北京王骏卓母带处理洪天佑香港制作助理香港余芷晴乐城制作限公司音乐制作公司乐城制作限公司发行公司自在天浩干嘛听苦情歌以为多浪漫再浪漫都被拆散说要平平淡淡长路漫漫一起再共患难高脚杯在陪伴以为决定多果断在青春快过半的阶段失去了对爱的基本判断问我什么是爱是当初亚当和夏娃开心咬下苹果问我谁在抵赖是时间是金钱是你解不开的屏锁这场战役都没赢过航行中你无法停泊争吵从未停过但是彼此内心在不停祈求停火每个起因都有经过今后剧情是堂新课倔强的看不清回忆那曾经一分开就怪给星座失落的自己总责怪自己在黑夜中怒吼如果我是你会说我爱你在左转的路口说不上爱别说谎就一点喜欢说不上恨别纠缠别装作感叹就当作我太麻烦不停让自己受伤我告诉我自己感情就是这样怎么一不小心太疯狂用哪种方式纪念算最好的祭奠还会想跟你见面虽然只剩这张照片有开端就有结尾也许是一个机会在这匆匆流逝的岁月中你是记忆劫匪我想说声感谢毕竟你是最美好的节目多少次哽咽你的温柔我还一直记得住没有所谓对与错直到今天走到这一步所有怀疑都陨落当回头看走的这一路曾经爱过你恨过你想过你厌过你骗过你不停讲道理找刺激搞猫腻深陷这漩涡里谁能陪你迎风跑谁是你的避风岛如果不能问声好就让我来做你至尊宝说不上爱别说谎就一点喜欢说不上恨别纠缠别装作感叹就当作我太麻烦不停让自己受伤我告诉我自己感情就是这样怎么一不小心太疯狂别后悔就算错过在以后你少不免想起我还算不错当我不在你会不会难过你够不够我这样洒脱说不上爱别说谎深夜的徘徊是思念在捣乱就一点喜欢谁先放手谁又将给谁好看说不上恨别纠缠别装作感叹烛光的对视变一个人的早餐将一切都体谅将一切都原谅酒后的你又在对谁在期盼我尝试找答案而答案很简单跳出爱的苦与疯很痛也必须放你走简单得很遗憾因为成长我明白谁都有苦衷毕竟我牵过你的手我们逼不得已要习惯长大的过程中会有雷雨暴风那就珍惜每一秒每当你在我怀中因为成长我们忽尔间说散就散
28793140,78.0,半壶纱,918054,作词刘珂矣百慕三石作曲刘珂矣百慕三石墨已入水渡一池青花揽五分红霞采竹回家悠悠风来埋一地桑麻一身袈裟把相思放下十里桃花待嫁的年华凤冠的珍珠挽进头发檀香拂过玉镯弄轻纱空留一盏芽色的清茶倘若我心中的山水你眼中都看到我便一步一莲花祈祷怎知那浮生一片草岁月催人老风月花鸟一笑尘缘了十里桃花待嫁的年华凤冠的珍珠挽进头发檀香拂过玉镯弄轻纱空留一盏芽色的清茶倘若我心中的山水你眼中都看到我便一步一莲花祈祷怎知那浮生一片草岁月催人老风月花鸟一笑尘缘了倘若我心中的山水你眼中都看到我便一步一莲花祈祷怎知那浮生一片草岁月催人老风月花鸟一笑尘缘了怎知那浮生一片草岁月催人老风月花鸟一笑尘缘了
108390,155.0,说谎,3685,作词施人诚作曲李双飞编曲吕绍淳是有过几个不错对象说起来并不寂寞孤单可能我浪荡让人家不安才会结果都阵亡我没有什么阴影魔障你千万不要放在心上我又不脆弱何况那算什么伤反正爱情不就都这样我没有说谎我何必说谎你懂我的我对你从来就不会假装我哪有说谎请别以为你有多难忘笑是真的不是我逞强我好久没来这间餐厅没想到已经换了装潢角落那窗口闻得到玫瑰花香被你一说是有些印象我没有说谎我何必说谎你知道的我缺点之一就是很健忘我哪有说谎是很感谢今晚的相伴但我竟然有些不习惯我没有说谎我何必说谎爱一个人没爱到难道就会怎么样别说我说谎人生已经如此的艰难有些事情就不要拆穿我没有说谎是爱情说谎它带你来骗我说渴望的有可能有希望我没有说谎祝你做个幸福的新娘我的心事请你就遗忘制作人王治平和声编写梁世达吉他王治平黄显忠谭明辉执行制作张简君伟和声梁世达梁世韵录音师马丁柯宗佑叶韵轩录音室华研猛蛋录音室杨大纬录音室白金录音室混音录音师杨大纬混音录音室杨大纬录音室
28563317,72.0,阴天快乐,2116,作词易家扬作曲林俊杰编曲编曲制作人林俊杰配唱制作林俊杰制作协力周信廷电子合成器仿音合成器键琴程序编排吉他亚贤鼓低音吉他何俊杰钢琴林俊杰第一小提琴孔朝晖顾文丽隋晶晶第二小提琴张振山尹淑占孔宪隆中提琴关旗水兵大提琴王言郭皓和声编写林俊杰和声合唱团录音室白金录音室台北录音师潘尧泓林俊杰混音室白金录音室混音师林正忠飞行石有限公司天空它像什么爱情就像什么几朵云在阴天忘了该往哪儿走思念和寂寞被吹进了左耳也许我记不住可是也忘不掉那时候那种秘密的快乐听阴天说什么在昏暗中的我想对着天讲说无论如何阴天快乐叫阴天别闹了想念你都那么久那么久了我一抬头就看见你那个酒窝翻山越岭之后爱却神出鬼没你像一首唱到沙哑偏爱的情歌旅途中坐一坐在秋千上的我原来我忽略的如今想纪念也没用那些时光的因果听阴天说什么在昏暗中的我想对着天讲说无论如何阴天快乐叫阴天别闹了想念你都那么久那么久了我一抬头就看见你那个酒窝过去穿过了现在绕过了未来缝在心海中带着你我旅行变成老头孤单怕成了习惯所以我淡定走在人海中偶尔想看云飞却没风听阴天说什么在昏暗中的我想对着天讲说无论如何阴天快乐叫阴天别闹了想念你都那么久那么久了我一抬头就看见了当时的我
436487129,40.0,Move Your Body (Alan Walker Remix),74625,作词作曲编曲
191528,43.0,够钟,6479,作词冯曦妤作曲周国贤编曲周国贤编曲周国贤像我这样成就或太牵强而像你这样每一位也心痒清楚你未暗示我是我幻想给我想太多导致内伤迷药快过回复正常够钟死心了当你沉默得高调当得我历劫低潮为何尚要打扰过几多通宵至肯醒觉才愿退烧爱不了却偏走不了别说笑没有感受灵魂被你拖走缠在你左右我乞讨等接收风沙扑面我未怕为你暴走惊觉只有沙没有绿洲还是放弃无谓献丑够钟死心了当你沉默得高调当得我历劫低潮为何尚要骚扰过几多通宵至肯醒觉才愿退烧爱不了却偏走不了没救了一蹶不振的我从今起好应该自量面对高贵漂亮的扮相别妄想高攀得到金奖何事落到这收场枯死在你的手上风花月似戏一场遗容任你瞻仰壮观得夸张你可会流着泪冥想最终你吐出这一句别勉强监制陈光荣
1299550532,91.0,倒数,7763,作词邓紫棋作曲邓紫棋编曲还没到的樱花季还没用的照相机还没光临的餐厅还在期待有着你的旅行等待日落的巴黎铁塔之下牵着你等待说着我愿意等待未来每天身边有你一点一滴每一天珍惜怕突然来不及好好的爱你时针一直倒数着我们剩下的快乐此刻相拥的狂热却永远都深刻心跳一直倒数着生命剩下的温热至少用力地爱着还乌黑的头发有你就不怕白了漆黑过后是旭日泪流以后是坚持真的爱是日复日从不放弃重复说你愿意还没退化的眼睛抓紧时间看看你爱是从来不止息一个风景每天新的生命一点一滴每一天珍惜用尽每一口气好好的爱你时针一直倒数着我们剩下的快乐此刻相拥的狂热却永远都深刻心跳一直倒数着生命剩下的温热至少用力地爱着还乌黑的头发有你就不怕白了咖啡再不喝就酸了晚餐再不吃就冷了爱着为什么不说呢难道错过了才来后悔着谁梦未实现就醒了谁心没开过就灰了追逐爱的旅途曲折就算再曲折为你都值得一点一滴每一天珍惜用尽每一口气好好的爱你时针一直倒数着我们剩下的快乐此刻相拥的狂热却永远都深刻心跳一直倒数着生命剩下的温热至少痛并快乐着爱过才算活着有你别无所求了有你别无所求了有你别无所求了有你别无所求了有你别无所求了有你别无所求了监制
28256943,668.0,爱情没有刚刚好,4393,作词潇彬作曲文颖秋早一秒不会遇到晚一步就会走掉我和你没有想到能相逢不能拥抱是命运开的玩笑把回忆演到太好爱上你无法脱逃偏偏我得不到用力的微笑泪忍住不掉失去了你怕一生都不会再遇到幸福还没到你已经走掉原来爱情没有刚刚好我站在冷的街角安静跟孤独拥抱明知道放手就好偏偏我忘不了用力的微笑假装我很好那么爱你却也只能忍痛说不要缘分还没到就已经死掉原来爱情没有刚刚好用力的微笑假装我很好那么爱你却也只能忍痛说不要缘分还没到就已经死掉原来爱情没有刚刚好原来爱情没有刚刚好
94639,88.0,相依为命,2112,作词黄伟文作曲陈光荣编曲褚镇东编曲褚镇东旁人在淡出终于只有你共我一起仍然自问幸福虽说有阵时为你生气其实以前和你互相不懂得死心塌地直到共你度过多灾世纪即使身边世事再毫无道理与你永远亦连在一起你不放下我我不放下你我想确定每日挽住同样的手臂不敢早死要来陪住你我已试够别离并不很凄美我还如何撇下你年华像细水冲走几个爱人与知己抬头命运射灯光柱罩下来剩我跟你难道有人离去是想显出好光阴有限让我学会为你贪生怕死即使身边世事再毫无道理与你永远亦连在一起你不放下我我不放下你我想确定每日挽着同样的手臂不敢早死要来陪住你我已试够别离并不很凄美见尽了云涌风起还怎么舍得放下你证明爱人又爱己何以要那么悲壮才合理即使身边世事再毫无道理与你永远亦连在一起你不放下我我不放下你我想确定每日挽着同样一双臂不必挑选我们成大器当我两个并无冒险的福气见尽了云涌风起还怎么舍得放下你我们仍珍惜这啖气
535793433,55.0,最后我们没在一起,12356407,作词林华勇作曲林华勇编曲许笑荣监制混音周晓明制作人林华勇我们已经有很久没有联系学会接受你离开的事实有些事有些人已变成回忆在岁月的沼泽里无法抹去曾经那一场恋爱保卫战役孤勇的战斗到无能为力我在最好的年纪遇见了你却没有好好珍惜而失去你后来的我们没有走到一起哪怕我多年以后还爱着你我以为时间可以把你忘记可是我始终骗不过自己最终的我们没有走到一起尽管到现在你未嫁我未娶只可惜爱情再回不到过去再爱你一次曾经那一场恋爱保卫战役孤勇的战斗到无能为力我在最好的年纪遇见了你却没有好好珍惜而失去你后来的我们没有走到一起哪怕我多年以后还爱着你我以为时间可以把你忘记可是我始终骗不过自己最终的我们没有走到一起尽管到现在你未嫁我未娶只可惜爱情再回不到过去再爱你一次后来的我们没有走到一起哪怕我多年以后还爱着你我以为时间可以把你忘记可是我始终骗不过自己最终的我们没有走到一起尽管到现在你未嫁我未娶只可惜爱情再回不到过去再爱你一次
451642538,62.0,不浪漫罪名（Cover 王杰）,12258318,作词无作曲无没有花这刹那被破坏吗无野火都会温暖吗无烟花一起庆祝好吗若爱恋彷似戏剧那样假如布景一切都美化连相拥都参照主角吗你说我未能定时令你每天欢笑一次我没说出一句美丽台词是你心中一种缺陷定义流进了眼角里的刺为何不浪漫亦是罪名为何不轰烈是极坏事情从来未擦觉我每个动作没有声都有爱你的挚证为何苦不浪漫亦是罪名为何总等待着特别事情从来未擦觉我语气动听在我呼吸声早已说明甚么都会用一生保证没有花这刹那被破坏吗无野火都会温暖吗无烟花一起庆祝好吗若爱恋彷似戏剧那样假如布景一切都美化连相拥都参照主角吗你说我未能定时令你每天欢笑一次我没说出一句美丽台词是你心中一种缺陷定义流进了眼角里的刺为何不浪漫亦是罪名为何不轰烈是极坏事情从来未擦觉我每个动作没有声都有爱你的挚证为何苦不浪漫亦是罪名为何总等待着特别事情从来未擦觉我语气动听在我呼吸声早已说明甚么都会用一生保证为何不浪漫亦是罪名为何不轰烈是极坏事情从来未擦觉我每个动作没有声都有爱你的挚证为何苦不浪漫亦是罪名为何总等待着特别事情从来未擦觉我语气动听在我呼吸声早已说明甚么都会用一生保证
29539085,10.0,Beautiful In White (Demo),45839,
29759733,20.0,可乐,1038040,作词赵紫骅作曲赵紫骅可惜在遇见我那天你并不快乐可能是因为我们相遇得太晚了可是我要走了可温暖要走了可否有另一个我在你身后给予快乐可当我牵着你的手傻乎乎地乐渴望的爱情终于在我生命出现了可时间倒数了可你的答案停住了可想到你的脸我还是很快乐可能你不快乐可惜你不快乐可能是我的爱情它来得太晚了可他给了你些什么你是不是真快乐可要听我的话别再为他犯傻了可能你不快乐可我要你快乐可能是我的爱情它来得太晚了可我只想对你说我绝对不退出了可以让你快乐是我的快乐可当我牵着你的手傻乎乎地乐渴望的爱情终于在我生命出现了可时间倒数了可你的答案停住了可想到你的脸我还是很快乐可能你不快乐可惜你不快乐可能是我的爱情它来得太晚了可他给了你些什么你是不是真快乐可要听我的话别再为他犯傻了可能你不快乐可我要你快乐可能是我的爱情它来得太晚了可我只想对你说我绝对不退出了可以让你快乐是我的快乐可能你不快乐可惜你不快乐可能是我的爱情它来得太晚了可他给了你些什么你是不是真快乐可要听我的话别再为他犯傻了可能你不快乐可我要你快乐可能是我的爱情它来得太晚了可我只想对你说我绝对不退出了可以让你快乐是我的快乐
65681,40.0,我可以,2121,作词林唯周炜傑作曲蔡旻佑寄没有地址的信这样的情绪有种距离你放着谁的歌曲是怎样的心情能不能说给我听雨下的好安静是不是你偷偷在哭泣幸福真的不容易在你的背景有我爱你我可以陪你去看星星不用再多说明我就要和你在一起我不想又再一次和你分离我多么想每一次的美丽是因为你寄没有地址的信这样的情绪有种距离喔你放着谁的歌曲是怎样的心境能不能说给我听雨下的好安静是不是你偷偷在哭泣幸福它真的不容易在你的背景有我爱你我可以陪你去看星星不用再多说明我就要和你在一起我不想又再一次和你分离我多么想每一次的美丽是因为你我可以陪你去看星星不用再多说明我就要和你在一起我不想又再一次和你分离我多么想每一次的美丽是因为你哦
108485,61.0,Always Online,3684,作词林怡凤作曲林俊杰编曲蔡政勋陈建玮变色的生活任性的挑拨疯狂的冒出了头单方的守候试探的温柔还是少了点什么遥远两端爱挂在天空飞风停了也无所谓只因为你总说准备好了和你爱开始扩散我们连结了穿越天空银河开始倒数删除我的孤单尽是深刻爱亮了爱笑了变色的生活任性的挑拨疯狂的冒出了头单方的守候试探的温柔却还是少了点什么遥远两端爱挂在天空飞风停了也无所谓只因为你总说我准备好了和你爱开始扩散我们连结了穿越天空银河开始倒数删除我的孤单尽是深刻爱亮了爱笑了准备好了和你爱开始扩散我们连结了穿越天空银河开始倒数删除我的孤单爱亮了爱笑了爱亮了爱笑了制作人林俊杰配唱制作吴剑泓制作协力陈炯顺键盘陈建玮蔡政勋和声编写林俊杰和声林俊杰录音室录音师吴剑泓混音室混音师林俊杰吴剑泓大潮音乐经纪有限公司大潮音乐经纪有限公司
108418,55.0,背对背拥抱,3684,作词林怡凤作曲林俊杰编曲吴庆隆话总说不清楚该怎么明了一字一句像圈套旧账总翻不完谁无理取闹你的双手甩开刚好的微妙然后战火再燃烧我们背对背拥抱滥用沉默在咆哮爱情来不及变老葬送在烽火的玩笑我们背对背拥抱真话兜着圈子乱乱绕只是想让我知道只是想让你知道爱的警告话总说不清楚该怎么明了一字一句像圈套旧账总翻不完谁无理取闹你的双手甩开刚好的微妙然后战火再燃烧我们背对背拥抱滥用沉默在咆哮爱情来不及变老葬送在烽火的玩笑我们背对背拥抱真话兜着圈子乱乱绕只是想让我知道只是想让你知道爱的警告我不要一直到形同陌路变成自找既然可以拥抱就不要轻易放掉我们背对背拥抱滥用沉默在咆哮爱情来不及变老葬送在烽火的玩笑我们背对背拥抱真话兜着圈子乱乱绕只是想让我知道只是想让你知道这警告只是想让我知道只是想让你知道爱的警告制作人吴剑泓制作协力陈炯顺键盘吴庆隆吉他低音吉他鼓和声编写吴剑泓和声林俊杰录音室台北新加坡录音师林子钦吴剑泓混音室新加坡混音师大潮音乐经纪有限公司大潮音乐经纪有限公司
517565282,42.0,多想留在你身边,12176360,作词孙莞作曲孙莞编曲吕宏斌没有花瓣的季节剩下落叶的秋天那张枯黄的脸印着时光变迁真的好久不见头发多了些银线多年时间奔波忽略了太多太多你对我的思念我却没有发觉每次你在电话那边唠叨我却借口挂断如果能够留在你身边伴你日日夜夜看看爱我的那个人的容颜如果能够留在你身边重拾爱的碎片填补在岁月的章节没有花瓣的季节剩下落叶的秋天那张枯黄的脸印着时光变迁真的好久不见头发多了些银线多年时间奔波忽略了太多太多你对我的思念我却没有发觉每次你在电话那边唠叨我却借口挂断如果能够留在你身边伴你日日夜夜看看爱我的那个人的容颜如果能够留在你身边重拾爱的碎片填补在岁月的章节如果能够留在你身边伴你日日夜夜看看爱我的那个人的容颜如果能够留在你身边重拾爱的碎片填补在岁月的章节
424264505,82.0,你，好不好？,980025,作词周兴哲吴易纬作曲周兴哲编曲陈建骐是不是还那么爱迟到熬夜工作又睡不好等你完成你的目标要戒掉逞强的嗜好都怪我把自尊放太高没有把你照顾好骄傲是脆弱的外表最怕我的心你不要能不能继续对我哭对我笑对我好继续让我为你想为你疯陪你老你好不好好想知道别急着把回忆都丢掉我只需要你在身边陪我吵陪我闹用好的我把过去坏的我都换掉好想听到你坚决说爱我可惜回不去那一秒你好不好天知道我快要受不了后悔钻进心里烧拥抱再多一次就好你要的我都做得到能不能继续对我哭对我笑对我好继续让我为你想为你疯陪你老给你的好还要不要答案我却不敢揭晓我只需要你在身边陪我吵陪我闹别用离开教我失去的人最重要别说你曾经爱过我让我们回到那一秒你好不好能不能继续对我哭对我笑对我好继续让我为你想为你疯陪你老你好不好我好想知道别急着把我的爱丢掉我只需要你在身边陪我吵陪我闹别用离开教我失去的人最重要别说你曾经爱过我让我们回到那一秒你好不好
5254474,671.0,Never Say Good Bye,124316,
287035,510.0,遇见,9272,作词易家扬作曲林一峰编曲听见冬天的离开我在某年某月醒过来我想我等我期待未来却不能因此安排阴天傍晚车窗外未来有一个人在等待向左向右向前看爱要拐几个弯才来我遇见谁会有怎样的对白我等的人他在多远的未来我听见风来自地铁和人海我排着队拿着爱的号码牌阴天傍晚车窗外未来有一个人在等待向左向右向前看爱要拐几个弯才来我遇见谁会有怎样的对白我等的人他在多远的未来我听见风来自地铁和人海我排着队拿着爱的号码牌我往前飞飞过一片时间海我们也曾在爱情里受伤害我看着路梦的入口有点窄我遇见你是最美丽的意外总有一天我的谜底会揭开
513791211,98.0,广东十年爱情故事,12760978,作词广东雨神作曲广东雨神安静地离去和孤单一起拥挤的回忆时间抹去人在广东已经漂泊十年有时也怀念当初一起经已改变让这天空将你我相连怀念你走了云的天空还任性是否它相信在乎反而容易放弃非要最后一无所有才无所畏惧对白我知道好多时候爱一个人系冇任何理由嘅你同其他女仔唔一样嘅就系你从来都唔问我钟意你乜反而我成日都问你你究竟钟意我乜笑的多一些改变要彻底直面这世界真假游戏人在广东已经漂泊十年有时也怀念当初一起经已改变让这天空将你我相连怀念你走了云的天空还任性是否它相信下一次的相遇就算最后一无所有也无所畏惧相信你就如当初一起行过广东这十年幸福走了唏嘘感慨那当初相信你哪怕坚强是假装出勇敢的面具也不能少活得精彩的勇气人在广东已经漂泊十年有时也怀念当初一起经已改变让这天空将你我相连怀念你走了云的天空还任性是否它相信下一次的相遇就算最后一无所有也无所畏惧
517009807,93.0,你根本不懂,12262634,作词箱子君作曲箱子君编曲吕宏斌混音卢晓武女时间分分钟钟都有你给的心痛我想要冷静你别再说你都懂你根本不懂我有多么痛你的话太让人心痛男定格在后悔的瞬间脸上悲伤在蔓延失落不安后失眠时间冻结在这一刻时间情绪如果能倒退怒火收敛一点点也不会再见我不懂怎么想你我不懂控制情绪你能否包容一点我太抱歉女时间分分钟钟都有你给的心痛我想要冷静你别再说你都懂你根本不懂我有多么痛你的话太让人心痛也许你只会为了你自己而感动不懂我想要的而轻易就放松我不过想要你能陪着我难道说这也是做梦男定格在后悔的瞬间脸上悲伤在蔓延失落不安后失眠时间冻结在这一刻时间情绪如果能倒退怒火收敛一点点也不会再见我不懂怎么想你我不懂控制情绪你能否包容一点我太抱歉女时间分分钟钟都有你给的心痛我想要冷静你别再说你都懂你根本不懂我有多么痛你的话太让人心痛也许你只会为了你自己而感动不懂我想要的而轻易就放松我不过想要你能陪着我难道说这也是做梦时间分分钟钟都有你给的心痛我想要冷静你别再说你都懂你根本不懂我有多么痛你的话太让人心痛也许你只会为了你自己而感动不懂我想要的而轻易就放松我不过想要你能陪着我难道说这也是做梦
1293951677,4.0,昨日青空,13058503,作词唐恬作曲钱雷编曲钱雷忽然一瞬间长大就像被时间的手擦模糊的画我们啊各自要去哪问题好傻谁又能回答想念从不说话来不及的再见多喧哗陪我看大雨落下潮湿的心滴滴答答带着温柔又想起你啊我好想你在起风的夜里我好想你在人群的缝隙你听见吗这一句喜欢你追得上你背影吗那些大喊过的名字没完成的约定全都藏在心底开出寂寞的花你好吗为什么长大就要走散啊你现在在哪里隔我多远距离是否勇敢飞行有没有人爱你每当我想起你世界突然安静你也一样吗青春有你出席不是为了让你缺席好想沿着回忆狂奔向你昨日的青空随少年挥手消失在人海之中你在吗你能听到吗我想你啊我好想你在起风的夜里我好想你在人群的缝隙你听见吗这一句喜欢你追得上你背影吗那些大喊过的名字没完成的约定全都藏在心底开出寂寞的花你好吗为什么长大就要走散啊你现在在哪里隔我多远距离是否勇敢飞行有没有人爱你每当我想起你世界突然安静你也一样吗青春有你出席不是为了让你缺席好想沿着回忆狂奔向你昨日的青空随少年挥手消失在人海之中你在吗你要幸福啊我想你啊李卓和音李卓吉他陈磊录音室钱雷混音周天澈制作人钱雷录影棚那英工作室
108138,125.0,那些你很冒险的梦,3684,作词王雅君作曲林俊杰编曲吴庆隆当两颗心开始震动当你瞳孔学会闪躲当爱慢慢被遮住只剩下黑距离像影子被拉拖当爱的故事剩听说我找不到你单纯的面孔当生命每分每秒都为你转动心多执着就加倍心痛那些你很冒险的梦我陪你去疯折纸飞机碰到雨天终究会坠落太残忍的话我直说因为爱很重你却不想懂只往反方向走当爱的故事剩听说我找不到你单纯的面孔当生命每分每秒都为你转动心有多执着就加倍心痛那些你很冒险的梦我陪你去疯折纸飞机碰到雨天终究会坠落太残忍的话我直说因为爱很重你却不想懂只往反方向走我不想放手你松开的左手你爱的放纵我白不回天空我输了累了当你再也不回头那些你很冒险的梦我陪你去疯折纸飞机碰到雨天终究会坠落太残忍的话我直说因为爱很重你却不想懂只往反方向走你真的不懂我的爱已降落制作人许环良配唱制作许环良制作协力陈炯顺温晋禾键盘吴庆隆吉他弦乐中国国家交响乐团和声编写许环良和声录音室中央新影录音棚录音师陈忠弘王帅李岳松混音室混音师许环良母带后期处理制作人林俊杰母带后期处理录音室母带后期处理录音师福茂著作权
167844,44.0,灰色头像,5771,作词许嵩作曲许嵩昨夜做了一个梦梦里我们回到手牵着手醒来的失落无法言说打开了聊天记录停步去年的深秋最后的挽留没有说出口我们还是朋友是那种最遥远的朋友你给过的温柔在记录之中全部都保有你灰色头像不会再跳动哪怕是一句简单的问候心贴心的交流一页页翻阅多难过是什么坠落升空又想起你曾说的陪我到最后暖色的梦变冰凉的枷锁如果时光倒流我们又能抓得住什么打开了聊天记录停步去年的深秋最后的挽留没有说出口我们还是朋友是那种最遥远的朋友你给过的温柔在记录之中全部都保有你灰色头像不会再跳动哪怕是一句简单的问候心贴心的交流一页页翻阅多难过是什么坠落升空又想起你曾说的陪我到最后暖色的梦变冰凉的枷锁如果时光倒流我们又能抓得住什么当我发现所谓醒来其实是另一个梦你不在这世界梦的出口散不开的浓雾太沉重你不在这世界就算当初声嘶力竭我作苦苦的求你留下别走也没用灰色头像静静悄悄不会再跳动我的绝望溢出胸口是什么坠落升空你灰色头像不会再跳动暖色的梦变冰凉的枷锁如果时光倒流我们又能抓得住什么
541511427,6.0,不在,1177014,作词尤雅琪作曲胜屿不在韩安旭词尤雅琪曲胜屿编曲胜屿我累了就紧紧锁住情绪不再放任它堆积我痛了就静静屏住呼吸不给想念留余地只是下雨时会委屈只是想起你会哭泣没关系真没关系我终于学会一个人弹琴只是弹琴没有你我终于学会一个人做梦只是做梦没有你我依旧像从前粗心时常会忘记星期几却始终忘不掉你看我的眼睛穿过了熙攘的人海想找谁能把你取代复制你曾给过我的那种宠爱掏空了回忆的脑海寂寞却狠狠扑过来措手不及无法躲开我承认是我太依赖像个不懂事的小孩挥霍掉我们的未来才醒过来我承认后悔了伤害抛开你的好我的坏直到如今学会忍耐你不在我终于学会一个人弹琴只是弹琴没有你我终于学会一个人做梦只是做梦没有你我依旧像从前粗心时常会忘记星期几却始终忘不掉你看我的眼睛穿过了熙攘的人海想找谁能把你取代复制你曾给过我的那种宠爱掏空了回忆的脑海寂寞却狠狠扑过来措手不及无法躲开我承认是我太依赖像个不懂事的小孩挥霍掉我们的未来才醒过来我承认后悔了伤害抛开你的好我的坏直到如今学会忍耐你不在
109916,31.0,不具名的悲伤,3694,作词作曲编曲于京延我没有比其他人强悍这没有什么好隐瞒泪水和你一样烫也会有心慌只是不代表我要对人讲工作很忙没有谁不忙我在工作之间流浪剩下的未标示的时光就像一个空罐找不到任何事情可以填满有一种情绪是不具名的悲伤跟我爱不到的那人仿佛无关只有回忆发出的闷响越听越觉遗憾我可不可以什么都不想这是你留给我不具名的悲伤我甚至说不出痛在哪个地方爱不费一颗子弹灵魂却洞穿我投降能不能把记忆关上工作很忙没有谁不忙我在工作之间流浪剩下的未标示的时光就像一个空罐找不到任何事情可以填满有一种情绪是不具名的悲伤跟我爱不到的那人仿佛无关只有回忆发出的闷响越听越觉遗憾我可不可以什么都不想这是你留给我不具名的悲伤我甚至说不出痛在哪个地方爱不费一颗子弹灵魂却洞穿我投降能不能把记忆关上越强烈的爱后劲越强痛一直延长在往后的每个夜晚我以为时间是最好的偏方治好的全都是皮外伤我的不具名的悲伤跟我爱不到的那人仿佛无关只有回忆发出的闷响越听越觉遗憾我可不可以什么都不想这是你留给我不具名的悲伤我甚至说不出痛在哪个地方爱不费一颗子弹灵魂却洞穿我投降能不能把记忆关上
33887645,42.0,回忆总想哭,4678,作词姜玉阳作曲姜玉阳常常习惯性的想你的需要不知你现在可好换你一个微笑我愿为爱乞讨愿永远做你的依靠果然没有爱也没有了烦恼只是记忆抹不掉你烫过的衣服仿佛还有温度却抵挡不了我寒冷孤独回忆总想哭一个人太孤独这段情千山万水却迷了路千辛万苦的付出早已放弃了归路爱到深处却只剩下无助回忆总想哭一个人的幸福就像你最后给我那些叮嘱爱如何形同陌路你走有你走的苦怎知你走以后不会为我哭果然没有爱也没有了烦恼只是记忆抹不掉你烫过的衣服仿佛还有温度却抵挡不了我寒冷孤独回忆总想哭一个人太孤独这段情千山万水却迷了路千辛万苦的付出早已放弃了归路爱到深处却只剩下无助回忆总想哭一个人的幸福就像你最后给我那些叮嘱爱如何形同陌路你走有你走的苦怎知你走以后不会为我哭回忆总想哭一个人太孤独这段情千山万水却迷了路千辛万苦的付出早已放弃了归路爱到深处却只剩下无助回忆总想哭一个人的幸福就像你最后给我那些叮嘱爱如何形同陌路你走有你走的苦怎知你走以后不会为我哭怎知你走以后不会为我哭
28285910,264.0,岁月神偷,893259,作词金玟岐作曲金玟岐编曲薛琳可能够握紧的就别放了能够拥抱的就别拉扯时间着急的冲刷着剩下了什么原谅走过的那些曲折原来留下的都是真的纵然似梦啊半醒着笑着哭着都快活谁让时间是让人猝不及防的东西晴时有风阴有时雨争不过朝夕又念着往昔偷走了青丝却留住一个你岁月是一场有去无回的旅行好的坏的都是风景别怪我贪心只是不愿醒因为你只为你愿和我一起看云淡风轻能够握紧的就别放了能够拥抱的就别拉扯时间着急的冲刷着剩下了什么原谅走过的那些曲折原来留下的都是真的纵然似梦啊半醒着笑着哭着都快活谁让时间是让人猝不及防的东西晴时有风阴有时雨争不过朝夕又念着往昔偷走了青丝却留住一个你岁月是一场有去无回的旅行好的坏的都是风景别怪我贪心只是不愿醒因为你只为你愿和我一起看云淡风轻时间是让人猝不及防的东西晴时有风阴有时雨争不过朝夕又念着往昔偷走了青丝却留住一个你岁月是一场有去无回的旅行好的坏的都是风景别怪我贪心只是不愿醒因为你只为你愿和我一起看云淡风轻
1293886117,93.0,年少有为,4292,作词李荣浩作曲李荣浩编曲李荣浩电视一直闪联络方式都还没删你待我的好我却错手毁掉也曾一起想有个地方睡觉吃饭可怎么去熬日夜颠倒连头款也凑不到墙板被我砸烂到现在还没修一碗热的粥你怕我没够都留一半带走给你形容美好今后你常常眼睛会红原来心疼我我那时候不懂假如我年少有为不自卑懂得什么是珍贵那些美梦没给你我一生有愧假如我年少有为知进退才不会让你替我受罪婚礼上多喝几杯和你现在那位也曾一起想有个地方睡觉吃饭可怎么去熬日夜颠倒连头款也凑不到墙板被我砸烂到现在还没修一碗热的粥你怕我没够都留一半带走给你形容美好今后你常常眼睛会红原来心疼我我那时候不懂假如我年少有为不自卑懂得什么是珍贵那些美梦没给你我一生有愧假如我年少有为知进退才不会让你替我受罪婚礼上多喝几杯和你现在那位假如我年少有为不自卑尝过后悔的滋味金钱地位搏到了却好想退回假如我年少有为知进退才不会让你替我受罪婚礼上多喝几杯和你现在那位在婚礼上多喝几杯祝我年少有为制作人李荣浩吉他李荣浩贝斯李荣浩鼓和声编写李荣浩和声李荣浩弦乐编写李荣浩弦乐国际首席爱乐乐团录音师李荣浩混音师李荣浩录音室北京一样音乐录音室混音室北京一样音乐录音室母带后期制作人李荣浩母带后期处理工程师周天澈母带后期处理录音室一样音乐工作室酷亚音乐深圳有限公司酷亚音乐股份有限公司
26092806,102.0,Take me hand,13953,作词作曲
455979087,15.0,致遥远的你,1213008,作曲龚子婕致遥远的你作词游作曲演唱龚子婕编曲李子陶混音鱼黑夜里不再担心雨打湿眼睛让失眠的旋律放逐到天际我知道关上灯你会在梦里等待我的降临聆听我的呼吸光年外的星星穿过宇宙云层树林照亮我的屋顶多坚定就像你翻山越岭漂洋过海到我心里某个雨天会放晴某些伤口会痊愈某一次我决定勇敢去爱你也许世界很无情也许命运很任性然而我想起了你就很安心湖面上波光粼粼像你的眼睛我独自漂流着也不会孤寂星空下是你温柔地凝视越过了冷漠与猜忌拥抱我的岛屿谁曾经落下泪滴又被谁拾起酿成了珍贵的蜂蜜多感激在有你的日子里我学会的是珍惜某个雨天会放晴某些伤口会痊愈某一次我决定勇敢去爱你也许世界很无情也许命运依然任性每当我想起了你就很安心无论是多遥远距离我可以四季交替任何天气都挂念着你只要去爱就来得及不害怕匆匆老去我相信总有一天会再相遇我们的故事未完待续
513360721,36.0,云烟成雨,1050282,作词墨鱼丝作曲少年佩制作人黎偌天编曲黎偌天监制李纤橙你的晚安是下意识的恻隐我留至夜深治疗失眠梦呓那封手写信留在行李箱底来不及赋予它旅途的意义若一切都已云烟成雨我能否变成淤泥再一次沾染你若生命如过场电影让我再一次甜梦里惊醒我多想再见你哪怕匆匆一眼就别离路灯下昏黄的剪影越走越漫长的林径我多想再见你至少玩笑话还能说起街巷初次落叶的秋分渐行渐远去的我们若一切都已云烟成雨我能否变成淤泥再一次沾染你若生命如过场电影让我再一次甜梦里惊醒我多想再见你哪怕匆匆一眼就别离路灯下昏黄的剪影越走越漫长的林径我多想再见你至少玩笑话还能说起街巷初次落叶的秋分渐行渐远去的我们站台汽笛响起想念是你的声音我们提着过去走入人群寻找着一个位置安放自己我多想再见你哪怕匆匆一眼就别离路灯下昏黄的剪影越走越漫长的林径我多想再见你至少玩笑话还能说起街巷初次落叶的秋分渐行渐远去的我们主唱红鼻子小黑制作人黎偌天监制李纤橙
29800567,23.0,怀念青春,1015657,作词高进作曲高进那时的我们拥有没有污染过的清晨嘀嘀嗒嗒的秒针却留不住一个黄昏曾经的爱很简单不需要费力的眼神牵手走过无人山岗想时间再慢几分怀念啊我们的青春啊昨天在记忆里生根发芽爱情滋养心中那片土地绽放出美丽不舍的泪花怀念啊我们的青春啊留下的脚印拼成一幅画最美的风景是你的笑容那一句再见有太多的放不下那时的我们拥有没有污染过的清晨嘀嘀嗒嗒的秒针却留不住一个黄昏曾经的爱很简单不需要费力的眼神牵手走过无人山岗想时间再慢几分怀念啊我们的青春啊昨天在记忆里生根发芽爱情滋养心中那片土地绽放出美丽不舍的泪花怀念啊我们的青春啊留下的脚印拼成一幅画最美的风景是你的笑容那一句再见有太多的放不下怀念啊我们的青春啊昨天在记忆里生根发芽爱情滋养心中那片土地绽放出美丽不舍的泪花怀念啊我们的青春啊留下的脚印拼成一幅画最美的风景是你的笑容那一句再见有太多的放不下
26082851,35.0,爱不单行,3694,作词作曲找不到人说心里的寂寞找不到人懂怕黑的折磨找不到命中注定在一起的那个人很多人都像我一个人过生活爱只有简单笔画却比想象复杂恨安定爱变化我爱过几个人也被爱过几遍却还是没能将幸福留下爱是不可数的吗为何我还相信它不是独行侠我在等一个人在等我的永恒告诉我爱不单行别害怕用不完身边泛滥的自由开始怕孤单是一种诅咒羡慕我能飞的人为何在天黑以后还是宁愿回到爱情那个枷锁爱只有简单笔画却比想象复杂恨安定爱变化我爱过几个人也被爱过几遍却还是没能将幸福留下爱是不可数的吗为何我还相信它不是独行侠我在等一个人在等我的永恒告诉我爱不单行别害怕爱只有简单笔画却比想象复杂恨安定爱变化我爱过几个人也被爱过几遍却还是没能将幸福留下爱是不可数的吗为何我还相信它不是独行侠我在等一个人在等我的永恒告诉我爱不单行别害怕我在等一个人在等我的永恒告诉我爱不单行相信它
571338279,93.0,往后余生,14312549,作词马良作曲马良在没风的地方找太阳在你冷的地方做暖阳人事纷纷你总太天真往后的余生我只要你往后余生风雪是你平淡是你清贫也是你荣华是你心底温柔是你目光所致也是你想带你去看晴空万里想大声告诉你我为你着迷往事匆匆你总是会感动往后的余生我只要你往后余生风雪是你春华是你夏雨也是你秋黄是你四季冷暖是你目光所致也是你往后余生风雪是你平淡是你清贫也是你荣华是你心底温柔是你目光所致也是你目光所致也是你总策划唐晶晶制作人王佳依张燕峰监制姚政编曲张燕峰企划牛雪吟伴唱王贰浪缩混唐瑜母带唐瑜录音室网易云音乐特别企划回声不息出品本歌曲来自网易音乐人亿现金激励千亿流量扶持合作
518076124,35.0,差一步,12146142,作词高进作曲高进编曲苏宏亮你想他吗还是在自欺欺人的消遣明明爱着偏偏要表现得不太明显未能如愿却沾染了你很多的习惯各自盘算在不经意间挑战了对方底线差一步美满就牵着手走散差一步掉进深渊无法生还不甘愿人生苦短可谁都不是神仙差一步来晚就更换了床单差一步为你挥霍所有温暖忙乱的四处挑选在黑夜里偷偷想念你想他吗还是在自欺欺人的消遣明明爱着偏偏要表现的不太明显未能如愿却沾染了你很多的习惯各自盘算在不经意间挑战了对方底线差一步美满就牵着手走散差一步掉进深渊无法生还不甘愿人生苦短可谁都不是神仙差一步来晚就更换了床单差一步为你挥霍所有温暖忙乱的四处挑选在夜里偷偷想念差一步美满就牵着手走散差一步掉进深渊无法生还不甘愿人生苦短可谁都不是神仙差一步来晚就更换了床单差一步为你挥霍所有温暖忙乱的四处挑选在夜里偷偷想念缩混侯春阳和声妞妞合唱团弦乐编曲关天天交响乐团国际首席爱乐乐团录音棚音乐工场北京
483671599,441.0,追光者,7409,作词唐恬作曲马敬编曲黎偌天如果说你是海上的烟火我是浪花的泡沫某一刻你的光照亮了我如果说你是遥远的星河耀眼得让人想哭我是追逐着你的眼眸总在孤单时候眺望夜空我可以跟在你身后像影子追着光梦游我可以等在这路口不管你会不会经过每当我为你抬起头连眼泪都觉得自由有的爱像阳光倾落边拥有边失去着如果说你是夏夜的萤火孩子们为你唱歌那么我是想要画你的手你看我多么渺小一个我因为你有梦可做也许你不会为我停留那就让我站在你的背后我可以跟在你身后像影子追着光梦游我可以等在这路口不管你会不会经过每当我为你抬起头连眼泪都觉得自由有的爱像大雨滂沱却依然相信彩虹我可以跟在你身后像影子追着光梦游我可以等在这路口不管你会不会经过每当我为你抬起头连眼泪都觉得自由有的爱像大雨滂沱却依然相信彩虹制作人黎偌天吉他劳国贤弦乐国际首席爱乐乐团大宇监制宋鹏飞音乐出品发行公司听见时代传媒
542064576,29.0,光年之外（Cover 邓紫棋）,1047098,作词无作曲无词邓紫棋曲邓紫棋编曲监制感受停在我发端的指尖如何瞬间冻结时间记住望着我坚定的双眼也许已经没有明天面对浩瀚的星海我们微小得像尘埃漂浮在一片无奈缘分让我们相遇乱世以外命运却要我们危难中相爱也许未来遥远在光年之外我愿守候未知里为你等待我没想到为了你我能疯狂到山崩海啸没有你根本不想逃我的大脑为了你已经疯狂到脉搏心跳没有你根本不重要一双围在我胸口的臂弯足够抵挡天旋地转一种执迷不放手的倔强足以点燃所有希望宇宙磅礡而冷漠我们的爱微小却闪烁颠簸却如此忘我缘分让我们相遇乱世以外命运却要我们危难中相爱也许未来遥远在光年之外我愿守候未知里为你等待我没想到为了你我能疯狂到山崩海啸没有你根本不想逃我的大脑为了你已经疯狂到脉搏心跳没有你根本不重要也许航道以外是醒不来的梦乱世以外是纯粹的相拥我没想到为了你我能疯狂到山崩海啸没有你根本不想逃我的大脑为了你已经疯狂到脉搏心跳没有你根本不重要相遇乱世以外危难中相爱相遇乱世以外危难中相爱我没想到
1308818967,158.0,飘向北方 (Live),12514278,作词黄明志作曲黄明志编曲宋阳那吾克热梦想的旅途我背井离乡肩上扛的行囊装着对未来的梦想我和你们一样也来自远方做着普通的工作在外漂泊思乡有多少人都希望自己的生活能过得好一点能改变自己的历史让父母的压力小一点每逢过节的时候少不了对父母的那份思念不能回家因为自己的梦想还没有实现他们的坚强他们的梦他们的苦只有自己懂回不到曾经看不到未来一切都是那么的空还要一直拼命地走着用尽全力奋斗着然而这也是我的生活在梦想之途前进着拿起了电话说妈妈我还好我回到了现实继续解决我的温饱我被别人说好也被别人嘲笑但从没被现实打倒这就是北漂尤长靖我飘向北方别问我家乡那吾克热别问我家乡尤长靖高耸古老的城墙挡不住忧伤我飘向北方那吾克热我飘向北方尤长靖家人是否无恙那吾克热我梦在前方尤长靖肩上沉重的行囊盛满了惆怅也是最后期望那吾克热随便你叫我来自火星还是来自地球生活在张牙舞爪的世界我要拼到尽头回不去的远方每天的祷告让我的毅力变得如此宽厚我要踏着力气奋斗穿破整个宇宙他们都叫我不如叫我夺走我的皇冠也不敢抢走我的自信我给你一臂之力打破僵局在地平线只有我和你我踏着你的肩膀走在战场的前方用气场去压倒着的迹象不喜欢退缩因为血性冷落一场战争怎么能取得胜利如果没有我看王者的战旗忍着泪在国度里升起掩着伤我看见许多双手挥起了手臂抬头看着斜阳请用尽全力高喊抬头看着斜阳我的梦在哪里抬头看着斜阳我就漂在哪里亲爱的只有奋斗才能改变命运在远方王者的风范现在说给你听这城市在我的意识里只有胜利没有放弃太迷惘尤长靖我飘向北方那吾克热我飘向北方尤长靖别问我家乡那吾克热我梦在前方尤长靖高耸古老的城墙挡不住忧伤我飘向北方那吾克热我飘向北方尤长靖家人是否无恙那吾克热我梦在前方尤长靖肩上沉重的行囊盛满了惆怅也是最后期望那吾克热从到从模仿到原创到潜能激发新疆到北京我一路急刹夸赞被嘲笑但从被击垮回不去的远方拼了老命养活一家脑里只有没尽头无数张在家里挤压趴下了也从未被谁欺压现在炫给你看技术来记录这押韵的密度我意图来吸附你灵魂的脊柱别低估我力度我企图玩艺术却迷路在起步记住我的去处必须跟你叙述技术在灵魂面前必输尤长靖我飘向北方那吾克热随便你叫我来自火星还是来自地球生活在张牙舞爪的世界我要拼到尽头每天的祷告让我毅力变得如此宽厚我要踏着力气挡不住忧伤奋斗穿破整个宇宙他们都叫我不如叫我家人是否无恙那吾克热夺走我的皇冠也不敢抢走我的自信我给你一臂之力打破僵局在地平线合只有我和你那是最后期望尤长靖回不去的远方音乐总监刘洲词那吾克热混音时俊峰和声尤长靖强东玥李俊毅改编歌曲飘向北方原唱黄明志王力宏原词曲黄明志改编歌曲词曲版权代理环球音乐出版有限公司
27955658,40.0,方圆几里,5781,作词薛之谦作曲薛之谦感觉很诚恳是好事不需要发誓那么幼稚本以为可以就这样随你反正我也无处可去我怕太负责任的人因为他随时会牺牲爱不爱都可以我怎样都依你连借口我都帮你寻与其在你不要的世界里不如痛快把你忘记这道理谁都懂说容易爱透了还要嘴硬我宁愿留在你方圆几里我的心要不回就送你因为我爱你和你没关系感觉会压抑的样子勉强也没什么意思我不算很自私也越来越懂事爱你只是我的事与其在你不要的世界里不如痛快把你忘记这道理谁都懂说容易爱透了还要嘴硬我宁愿留在你方圆几里至少能感受你的悲喜在你需要我的时候就能陪你我在你不要的世界里何苦不找个人来代替可惜我谁劝都不听我宁愿留在你方圆几里我的心要不回就送你爱不爱都可以我怎样都依你因为我爱你和你没关系我的爱扩散在方圆几里近的能听见你的呼吸只要你转身我就在这里
518686034,25.0,戒烟,4292,作词李荣浩作曲李荣浩已经为了变的更好去掉锋芒一不小心成了你的倾诉对象电话约在从前约会的地方要陪你唱歌吃饭我结账保持优良习惯你说最近过的还算幸福美满喝了几杯唱了几段你却哭了想去安慰却不知什么立场听你说话看你哭湿头发我得到了惩罚戒了烟我不习惯没有你我怎么办三年零一个礼拜才学会怎么忍耐你给过我的伤害是没有一句责怪戒了烟染上悲伤我也不想你说最近过的还算幸福美满喝了几杯唱了几段你却哭了想去安慰却不知什么立场听你说话看你哭湿头发我得到了惩罚戒了烟我不习惯没有你我怎么办三年零一个礼拜才学会怎么忍耐你给过我的伤害是没有一句责怪戒了烟染上悲伤我也不想我也不想谁也不想戒了烟我不习惯没有你我怎么办三年零一个礼拜才学会怎么忍耐你给过我的伤害是没有一句责怪戒了烟染上悲伤我也不想制作人李荣浩编曲李荣浩吉他李荣浩贝斯李荣浩鼓李一丁弦乐编写李荣浩弦乐国际首席爱乐乐团和声编写李荣浩和声李荣浩录音师单为明混音师李荣浩曹飞音乐制作助理杜以丞录音室北京一样音乐录音室混音室北京一样音乐录音室母带后期制作人李荣浩母带后期处理工程师母带后期处理录音室
33190545,116.0,异类,861777,作词赵辰龙作曲华晨宇编曲郑楠如果你不喜欢听我的歌请闭上耳朵接下来要大开杀戒穿透你的耳膜一直到达灵魂的深处让你崇拜着我跟着我跟着我跟着我我们生来就是叛逆早已拉响了警报气氛将被引爆都给我听好我无所畏惧让所有的对手都领教跟着我跟着我跟着我大声地尖叫哦哎哦我根本不受谁的威胁哦哎哦随时准备跟强者对决哦哎哦把对我的质疑和诬陷都毁灭这放纵的感觉超越一切不再胆怯不需要你们的理解我不想看别再废话趁早都消失在眼前哦哎哦我不在意流言蜚语哦哎哦也不屑人们的非议哦哎哦规则全都被我废弃当听到我撕裂的声音就算被这个世界冷眼被人们所敌对也无所谓那就请你当我是个异类继续开大我的音量让他们全都闭嘴跟着我跟着我跟着我年轻就是要随心所欲高举你的手臂拿出你的勇气不要再恐惧只有依赖好战的心才能够拯救你跟着我跟着我跟着我大声地尖叫哦哎哦我根本不受谁的威胁哦哎哦随时准备跟强者对决哦哎哦把对我的质疑和诬陷都毁灭这放纵的感觉超越一切不再胆怯不需要你们的理解我不想看别再废话趁早都消失在眼前哦哎哦我不在意流言蜚语哦哎哦也不屑人们的非议哦哎哦规则全都被我废弃当听到我撕裂的声音超越一切不再胆怯不需要你们的理解我不想看别再废话趁早都消失在眼前超越一切不再胆怯不需要你们的理解我不想看别再废话趁早都消失在眼前哦哎哦我不在意流言蜚语哦哎哦也不屑人们的非议哦哎哦规则全都被我废弃当听到我撕裂的声音制作人郑楠制作助理王子配唱制作人郑楠录音刘灵吉他牛子健贝司和声编写郑楠和声华晨宇混音录音棚词上海天娱传媒有限公司曲上海天娱传媒有限公司
573150618,37.0,我的将军啊（女版戏腔）,12027415,作词半阳作曲半阳狼烟风沙口还请将军少饮酒前方的路不好走我在家中来等候可愿柳下走满头杨花共白首十两相思二两酒我才把爱说出口后期
545589369,19.0,庸人自扰,13581257,作词刘家泽作曲颜小健编曲大眼炮所谓的爱情都一个样总会有人离开和受伤朋友不停唠叨灌输着安慰和思想听懂了我假装一个人带着情绪游荡看着路上车来和人往突然好想问你是谁幸运在你身旁靠着本该属于我的肩膀别再庸人自扰去关心他过得怎样不是说好哭过之后就该翻篇遗忘那个人现在已经不再是你要追寻的天堂怪我庸人自扰活该又想起你模样还没完全愈合的伤口又被雪上加霜戒不掉想象所谓的爱情都一个样总会有人离开和受伤朋友不停唠叨灌输着安慰和思想听懂了我假装一个人带着情绪游荡看着路上车来和人往突然好想问你是谁幸运在你身旁靠着本该属于我的肩膀别再庸人自扰去关心他过得怎样不是说好哭过之后就该翻篇遗忘那个人现在已经不再是你要追寻的天堂怪我庸人自扰活该又想起你模样还没完全愈合的伤口又被雪上加霜别再庸人自扰去关心他过得怎样不是说好哭过之后就该翻篇遗忘那个人现在已经不再是你要追寻的天堂怪我庸人自扰活该又想起你模样还没完全愈合的伤口又被雪上加霜戒不掉想象制作人黄一
507116418,21.0,那个人,12071014,作词周延英英子作曲周延英英子编曲小艺我爱过一个人我恨过一个人我想过一个人我忘过一个人我恋上一座城只因为一个人我离开那座城想离开那个人没有你的剧本不完整的人生为了你愿意等有一天两个人我想和那个人就这样过一生我想要两个人有完整的缘分也许匆匆忙忙慌慌张张在别人的爱情观里寻找那些适合自己或不适合自己爱情模糊的模样才能明明白白深深刻刻在过去的故事里面收拾那些属于自己或不属于自己残碎的地老天荒没有你的剧本不完整的人生为了你愿意等有一天两个人我想和那个人就这样过一生我想要两个人有完整的缘分也许匆匆忙忙慌慌张张在别人的爱情观里寻找那些适合自己或不适合自己爱情模糊的模样才能明明白白深深刻刻在过去的故事里面收拾那些属于自己或不属于自己残碎的地老天荒也许匆匆忙忙慌慌张张在别人的爱情观里寻找那些适合自己或不适合自己爱情模糊的模样才能明明白白深深刻刻在过去的故事里面收拾那些属于自己或不属于自己残碎的地老天荒我爱过那个人现在是谁的人那座城那扇门只有灯没有人制作人姜俊小艺吉他曾子岚贝斯斯宇涛小提琴黄波后期混音小艺工作室
25718007,124.0,你瞒我瞒,2127,作词林夕作曲陈光荣编曲陈光荣约会像是为分享到饱肚滋味有任何难题却不提起这若是浪漫我怎么觉得就快分离你哭过但眼影闪得更艳美我是谁情人你始终也是你微笑静默互望笑比哭更可悲就算怎开心皱着眉尽管紧紧抱得稳你两臂却分得开我共你无言的亲亲亲侵袭我心仍宁愿亲口讲你累得很如除我以外在你心还多出一个人你瞒住我我亦瞒住我太合衬这就是谈情客气得吓着我除了近来繁忙我所知有几多若要哭不哭诉为何大家争吵斗嘴好过胜过笑不出声抱着我无言的亲亲亲侵袭我心仍宁愿亲口讲你累得很如除我以外在你心还多出一个人你瞒住我我亦瞒住我太合衬这么寂寞的恋爱算甚么用你指尖缠我用热吻逃避我无言的亲亲亲侵袭我心仍宁愿亲口讲你累得很如除我以外在你心还多出一个人你瞒住我我亦瞒住我太合衬监制陈光荣
4331105,15.0,Loves Me Not,131243,作词作曲
409649830,38.0,九九八十一（翻自 乐正绫 / 洛天依） ,12025552,南上路巩州遇虎熊五百年前一场疯腾霄又是孙悟空易失马鹰愁涧飞白龙沙河阻断路难通福陵山中收天蓬双岭上前行逆黄风七星不照波月洞千年白骨化阴风樊鱼篮网通天一尾红紫金葫芦二道童九尾老狐敢压龙双白虹坠雪浪击石碎易思归难归樊堕回轮回南月满一江水前世莫追樊福泽聚宝象春风度不让洛阳玉面狐折兰香七绝崖上暗伏赤色大蟒易过西梁女儿国鸳鸯罗帐舆三道斗法相火云扬明枪易挡暗箭难防双十方魔渴饮着我的脆弱凭你计法相迫逐个击破要你识我本色南万里恶摧垮了我的沉默一肩担路坎坷我不说又何须旁人来嚼口舌易樊借扇翠云访罗刹碧波潭内结亲宴招来九头的驸马南双雾隐金斑豹伸利爪城北黄狮盗钉耙白毛小鼠偷烛花易南思乡未敢听琵琶摄魂曲后三股叉一朝命断美人画樊双六耳幻形难辨真假太岁摇铃唤风沙玉兔抛绣高台搭合红霓垂九重紫云飞易樊久归南双未归易樊欲回南双恨回合凡胎恰登对天命难违南比丘走白鹿十三娘情丝缠缚乌袍君生百目庙前拦路自称黄眉老祖双将云拂孤直公对谈诗赋还未能抵天竺金平府钺斩红尘斧辟寒暑樊众笔者嘲笑着我的贪得藏美酒有甚者谁却敢说自己放肆醉过易休怪我这半生痴情煞多活一遭风流客慕娇娥但愿抱拥世间真绝色南浮世千寻沫冲荡了我的轮廓双纵身入尘埃里雷雨大作我也放声而歌樊方寸中方寸却不能定夺易七十二般胆魄这次我决意不闪躲合世尊如来佛诘问着我的执着当年我瑶池刻闹得痛快并未想过太多状罪责拿捏了我的业果可顽心不服错不思过齐天大圣地上行者那传说忘却了我的寂寞英雄名不堪得何必较我混沌徒费口沫这人间毕竟我真正走过一途平九百波九千错凌云渡成正果但我有九九八十一种不舍
515481072,17.0,扬州姑娘,12025552,作词砖厂浪人作曲砖厂浪人一位扬州姑娘悄然闯进谁的心房情如风雪亦无常怎奈何总令人一动即殇天街细雨茫茫檐下柳絮飘荡执笔写一曲山水悠长江城之上白舟轻帆已过两行小楼青苔斜阳冷月无声初上落款处余墨晕染挥洒秋冬春夏予过维扬何往忘江南十里烟波廿四桥月满神州垂虹钓雪孤城外一轮吴钩繁华怎奈年岁荏苒消磨一位扬州姑娘还着着那旧衣裳画舫迷楼声欢畅却掩不了这弦上的苍凉烟花散落芦苇荡风露宵丽你眉眼如霜共赏琳琅风月不负豆蔻青葱时光小楼青苔斜阳冷月无声初上落款处余墨晕染挥洒秋冬春夏予过维扬何往忘江南十里烟波廿四桥月满神州垂虹钓雪孤城外一轮吴钩繁华怎奈年岁荏苒消磨一位扬州姑娘悄然闯进谁的心房情如风雪亦无常怎奈何总令人一动即殇乱世繁华不相忘倾尽天下为伊人流浪苍水蒹葭草黄可否归来在水一方一茶一偈到扬州孤帆远影到白头烟波飘渺欲东游潮过广陵半江愁如何解思念瘦扬州姑娘着那旧衣裳声声欢唱不了弦上苍凉这芦苇荡是你眉眼如霜琳琅风月豆蔻青葱时光一位扬州姑娘悄然闯进谁的心房情如风雪亦无常怎奈何总令人一动即殇乱世繁华不相忘倾尽天下为伊人流浪苍水蒹葭草黄可否归来在水一方二胡二胡妹琵琶林夕小二梦笛青鲨古琴书渊绘影纯名木后期砖厂浪人
409650851,86.0,霜雪千年（Cover 洛天依 / 乐正绫）,12025552,双梨花香缠着衣角掠过熙攘复悄入红帘深帐听枝头黄鹂逗趣儿细风绕指淌坐船舫兰桨拨开雾霭迷茫不觉已一日过半过眼的葱郁风光悉数泛了黄囧褪尽温度的风无言牵引中便清晰了在此的眉目暮色的消融隐约了晦朔葱茏双在这老街回眸烟云中追溯我是谁只消暮雨点滴便足以粉饰这是非囧待这月色涌起谁人轻叩这门扉双苔绿青石板街斑驳了流水般岁月小酌三盏两杯理不清缠绕的情结囧在你淡漠眉间瞥见离人的喜悲霜雪囧楼阁现尘飞雾散荧光翩跹显露出斑驳石阶入眼是落英纷然芳草入深院凭栏杆小桌上置琼觞两盏阖眼听清风疏叶似曾有欢声笑言萦绕这高轩双云动寂静鸣蝉雨坠激漪涟皴擦点染勾勒这世间缘起的一眼定格了三生千年囧在这老街回眸烟云中追溯我是谁只消暮雨点滴便足以粉饰这是非双待这月色涌起谁人轻叩这门扉囧苔绿青石板街斑驳了流水般岁月小酌三盏两杯理不清缠绕的情结双在你淡漠眉间瞥见离人的喜悲霜雪囧三月梨花雪几载开了又败双笔锋走黑白丹青中穿插无奈合彼时那弯儿月何时初现于江畔双而我又在待何人囧在这凉亭回眸千年后忆起你是谁只消月色隐约便足以粉饰这是非双待这回忆涌起恍惚之间已下泪囧枫红十里长街红帘后谁人蹙着眉遥梦桑竹桃源轮回中曾道别的地点双愿今生再相见消融你眉间合悲戚霜雪合
516997458,8.0,白石溪（Cover 洛天依 / 乐正绫）,12025552,作词果汁凉菜作曲纯白绘二胡阿茶系豆沙后期啊鲤压制树下微露点滴沾衿落袖丽日绰约轻解莲舟蒹葭荣茂燕雀啁啾白石溪畔斜阳逐流可嫌金风玉露兼程久灵犀心念便相谋前路崎岖躞蹀攀援亦同守共你百年暮昏到白昼依山临水景看旧而你美胜山水万筹尽入一人眸琴瑟愿与共沐春秋滢溪潺潺炊烟悠悠敢请东风玉成双偶遥递佳信知否知否为理云鬓为簪银钩明月可鉴情深亦寿此生相依人间白首千金不易清茶淡粥前缘既断便再无求云泥之异难越鸿沟相思不扫久积弥厚他年君归我葬南丘逢春枯木忽生花飞柳纷纷绵绵结作愁随风四散却又轻易染眉头当时一双鸳鸯入深藕荷香绕水乐同游花前月下本来无酒对看竟忘忧何年何夕两相执手蚀骨相思风侵寒透仙人近侧怕倚小楼金缕为笼歌乐成囚凉夜凄长应怨更漏数得千枚零落红豆遗君一心一心怎收杳渺音绝余我孤奏何年何夕共沐春秋银汉邈邈炊烟悠悠敢请东风小住暂留托书天地安否安否尘心如练长悬银钩鱼雁不闻斯人难候九霄一曲人间白首隔世相问忆否忆否
501147735,45.0,我的一个道姑朋友（Cover 双笙）,12147214,作词陆菱纱作曲双笙我的一个道姑朋友词陆菱纱曲而你撑伞拥我入怀中一字一句誓言多慎重你眼中有柔情千种如脉脉春风冰雪也消融那年长街春意正浓策马同游烟雨如梦檐下躲雨望进一双深邃眼瞳宛如华山夹着细雪的微风雨丝微凉风吹过暗香朦胧一时心头悸动似你温柔剑锋过处翩若惊鸿是否情字写来都空洞一笔一画斟酌着奉送甘愿卑微换个笑容或沦为平庸而你撑伞拥我入怀中一字一句誓言多慎重你眼中有柔情千种如脉脉春风冰雪也消融后来谁家喜宴重逢佳人在侧烛影摇红灯火缱绻映照一双如画颜容宛如豆蔻枝头温柔的旧梦对面不识恍然间思绪翻涌望你白衣如旧神色几分冰冻谁知我心惶恐也许我应该趁醉装疯借你怀抱留一抹唇红再将旧事轻歌慢诵任旁人惊动可我只能假笑扮从容侧耳听那些情深意重不去看你熟悉脸孔只默默饮酒多无动于衷山门外雪拂过白衣又在指尖消融负长剑试问江湖诺大该何去何从今生至此像个笑话一样自己都嘲讽一厢情愿有始无终若你早与他人两心同何苦惹我错付了情衷难道看我失魂落魄你竟然心动所幸经年漂浮红尘中这颗心已是千疮百孔怎惧你以薄情为刃添一道裂缝又不会痛不如将往事埋在风中以长剑为碑以霜雪为冢此生若是错在相逢求一个善终孤身打马南屏旧桥边过恰逢山雨来时雾蒙蒙想起那年伞下轻拥就像躺在桥索之上做了一场梦梦醒后跌落粉身碎骨无影亦无踪
445124012,7.0,失眠症(불면증)（Cover 辉星）,12094621,你的微笑面容修饰我的呼吸全是为你执着着着着思念的苦像心被撕破破破破我的眼泪在悄悄滴落落落在角落藏心窝这生活怎么过好落寞没有什么代替此刻让你爱我拥抱我温暖我
27937659,674.0,极速梦想(Speed Dream),12512089,我心动就在这一秒你带我加速奔跑风声在耳边呼啸是谁在尖叫跟我拼飞车你赢不了这就是我较量的口号哦下一秒请你们看好我领先你百分一秒这就是我的记号呐喊从耳边呼啸是我在炫耀跟我拼飞车你赢不了要紧跟我漂移的轨道哦下一秒就请你看好别错过飞车这场完美的较量你赢了终点我们就为你鼓掌管你懂不懂我就要开的漂亮
27901780,522.0,死一样的痛过(女声翻唱版),21138,
32785674,86.0,风筝误,918054,作词刘珂矣百慕三石作曲刘珂矣百慕三石编曲百慕三石笛子富强录音缩混百慕三石梨花树下卷丝轮随风纷纷谁裁木鹊一缕魂落别村风影无心惊扰了对棋人幔里和诗怕春雨成盆玉指揽风风不住茜纱窗昏舟上摇波波不停渡影重温错认庭前过马人醉几分一抹笙香吹梦成真风筝误误了梨花花又开风筝误捂了金钗雪里埋风筝误悟满相思挂苍苔听雨声数几声风会来上元溪旁点烛荷千盏承诺怎捱雾锁红尘客阴差阳错阳台梦中风几里又几何梦醒推门她仍在研墨风筝误误了梨花花又开风筝误捂了金钗雪里埋风筝误悟满相思挂苍苔听雨声数几声风会来风筝误误了梨花花又开风筝误捂了金钗雪里埋风筝误悟满相思挂苍苔听雨声数几声风会来风筝误悟了一句情似露珠谁约我又在这风烟处风筝误
65919,70.0,K歌之王 (Live),2116,作词林夕作曲陈辉阳唱歌这件事是我最乐意的啦我唱得不够动人你别皱眉我愿意和你约定至死我只想嬉戏唱游到下世纪请你别嫌我将这煽情奉献给你还能凭什么拥抱若未令你兴奋便宜地唱出写在情歌的性感还能凭什么要是爱不可感动人俗套的歌词煽动你恻忍谁人又相信一世一生这肤浅对白来吧送给你叫几百万人流泪过的歌如从未听过誓言如幸福摩天轮才令我因你要呼天叫地爱爱爱爱那么多将我漫天心血一一抛到银河谁是垃圾谁不舍我难过分一丁目赠我你们的声音真是好听喜欢唱就唱吧好好听你们的声音我只想跟你未来哇你干嘛跟着我的歌啊要是怕难过抱住我手我只得千语万言放在你心比渴望地老天荒更简单未算罕有谁人又相信一世一生这肤浅对白来吧送给你叫几百万人流泪过的歌如从未听过誓言如幸福摩天轮才令我因你要呼天叫地爱爱爱爱那么多给你用力作二十首不舍不弃还附送你爱得过火给你卖力作二十首真心真意米高峰都因我动容无人及我你怎么竟然说歌之王是你我只想跟你未来浸在爱河而你那呵欠绝得不能绝绝到溶掉我原来香港都很多人唱过厉害啊你们知不知道很好玩的对着一个人呢哇干什么啊几个大汉把举高高哇哈哈哈我这么重你们都那是你们几个大汉多谢多谢你们这班差点儿讲粗口了相熟的才这样嘛多谢你们哇好厉害啊喂还有什么歌呢不如唱人来人往有没有兴趣有啊这就来了好不好
65536,74.0,爱情转移,2116,作词林夕作曲编曲陈珀徘徊过多少橱窗住过多少旅馆才会觉得分离也并不冤枉感情是用来浏览还是用来珍藏好让日子天天都过得难忘熬过了多久患难湿了多长眼眶才能知道伤感是爱的遗产流浪几张双人床换过几次信仰才让戒指义无反顾的交换把一个人的温暖转移到另一个的胸膛让上次犯的错反省出梦想每个人都是这样享受过提心吊胆才拒绝做爱情待罪的羔羊回忆是抓不到的月光握紧就变黑暗等虚假的背影消失于晴朗阳光在身上流转等所有业障被原谅爱情不停站想开往地老天荒需要多勇敢烛光照亮了晚餐照不出个答案恋爱不是温馨的请客吃饭床单上铺满花瓣拥抱让它成长太拥挤就开到了别的土壤感情需要人接班接近换来期望期望带来失望的恶性循环短暂的总是浪漫漫长总会不满烧完美好青春换一个老伴把一个人的温暖转移到另一个的胸膛让上次犯的错反省出梦想每个人都是这样享受过提心吊胆才拒绝做爱情待罪的羔羊回忆是抓不到的月光握紧就变黑暗等虚假的背影消失于晴朗阳光在身上流转等所有业障被原谅爱情不停站想开往地老天荒需要多勇敢把一个人的温暖转移到另一个的胸膛让上次犯的错反省出梦想每个人都是这样享受过提心吊胆才拒绝做爱情待罪的羔羊回忆是抓不到的月光握紧就变黑暗等虚假的背影消失于晴朗阳光在身上流转等所有业障被原谅爱情不停站想开往地老天荒需要多勇敢你不要失望荡气回肠是为了最美的平凡梁荣骏陈珀江志仁陈匡荣细威邓建明陈珀
65533,75.0,红玫瑰,2116,作词李焯雄作曲梁翘柏编曲梁翘柏编曲梁翘柏梦里梦到醒不来的梦红线里被软禁的红所有刺激剩下疲乏的痛再无动于衷从背后抱你的时候期待的却是她的面容说来实在嘲讽我不太懂偏渴望你懂是否幸福轻得太沉重过度使用不痒不痛烂熟透红空洞了的瞳孔终于掏空终于有始无终得不到的永远在骚动被偏爱的都有恃无恐玫瑰的红容易受伤的梦握在手中却流失于指缝又落空红是朱砂痣烙印心口红是蚊子血般平庸时间美化那仅有的悸动也磨平激动从背后抱你的时候期待的却是她的面容说来实在嘲讽我不太懂偏渴望你懂是否幸福轻得太沉重过度使用不痒不痛烂熟透红空洞了的瞳孔终于掏空终于有始无终得不到的永远在骚动被偏爱的都有恃无恐玫瑰的红容易受伤的梦握在手中却流失于指缝又落空是否说爱都太过沉重过度使用不痒不痛烧得火红蛇行缠绕心中终于冷冻终于有始无终得不到的永远在骚动被偏爱的都有恃无恐玫瑰的红容易受伤的梦握在手中却流失于指缝得不到的永远在骚动被偏爱的都有恃无恐玫瑰的红伤口绽放的梦握在手中却流失于指缝再落空梁翘柏梁翘柏何俊杰梁翘柏伍敬彬张毅李叶波钱宇幸高志坚陈奕迅梁翘柏梁翘柏梁翘柏二楼后座星海音乐厅广州杨震
64093,64.0,孤独患者,2116,作词小寒作曲方大同编曲方大同欢笑声欢呼声炒热气氛心却很冷聚光灯是种蒙恩我却不能喊等一等我真佩服我还能幽默掉眼泪时用笑掩过怕人看破顾虑好多不谈寂寞我们就都快活我不唱声嘶力竭的情歌不表示没有心碎的时刻我不曾摊开伤口任宰割愈合就无人晓得我内心挫折活像个孤独患者自我拉扯外向的孤独患者有何不可笑越大声越是残忍挤满体温室温更冷万一关灯空虚扰人我却不能喊等一等你说你爱我却一直说说我不该窝在角落策划逃脱这也有错连我脆弱的权利都掠夺我不唱声嘶力竭的情歌不表示没有心碎的时刻我不曾摊开伤口任宰割愈合就无人晓得我内心挫折活像个孤独患者自我拉扯外向的孤独患者有何不可我不要声嘶力竭的情歌来提示我需要你的时刻表面镇定并不是保护色反而是要你懂得我不知为何活像个孤独患者自我拉扯外向的孤独患者需要认可监制方大同
1300742224,8.0,易水诀,1047282,作词慕清明作曲银临作曲银临作词慕清明编曲灰原穷风萧兮易水寒壮士去不复还风萧萧兮易水寒风萧兮易水寒壮士去不复还炽烈肝胆风萧兮易水寒壮士去不复还壮士一去兮不复还风萧兮易水寒壮士去不复还心决然风萧萧兮易水寒壮士一去不复还阵云昏逝水黯怕触目霜雪衣冠清肃容颜炽烈肝胆心决然风萧萧兮易水寒壮士一去不复还陈年酒尚余半添入往事尝浓淡敬你我俱能从容踏狂澜最怕是独活最狠是回忆当年燕市击筑扬歌在耳际倾十分孤勇步无归命局明朝少年邀同醉白头人间何处你浮生旧事多不值一提除却曾得知音你浩然江海与苍茫天地都将替我铭记光明坦荡若飞鸿雪泥采撷传说中的相遇别离珍藏在西风古道清明雨风萧兮易水寒壮士去不复还风萧萧兮易水寒风萧兮易水寒壮士去不复还炽烈肝胆风萧兮易水寒壮士去不复还壮士一去兮不复还风萧兮易水寒壮士去不复还心决然风萧萧兮易水寒壮士一去不复还仓促梦狼藉盏梦里朗笑归远帆共睹你舍身相护的河山故友长别离故国成追忆当年燕市击筑扬歌在耳际倾十分孤勇步无归命局明朝少年邀同醉白头人间何处你浮生旧事多不值一提除却曾得知音你浩然江海与苍茫天地都将替我铭记光明坦荡若飞鸿雪泥采撷传说中的相遇别离珍藏在西风古道清明雨烽烟乱世中怀抱勇气慨然孤注手中棋放浪形骸的江湖岁月滚烫一点一滴原来生死之交这命题是毋庸许什么豪言誓语就并辔奔赴下一世风雨
22704409,491.0,DAY BY DAY,127815,作词赵英秀安英民作曲赵英秀编曲赵英秀
695772,15.0,1年2ヶ月20日 泣いちゃう前にver,18717,作词作曲春夏秋冬季節巡来何故何故恋終年月日本当間会良好良優言謝早泣前寂当前寂初鍵入思出繋手離弱人誰年月日本当間会良好良優言謝早泣前気付何分選分选手嘘繋手離私大丈夫年月日憶初出逢日気持伝日今日日何足謝声私恋本当離本当大丈夫嘘笑心私最後私引止年月日本当間会良好良優言謝早泣前春夏秋冬季節巡来何故何故恋終
32235575,11.0,LUV -Japanese Ver.-,126277,消君切胸中伝止好君今会雨降同傘近距離君香包同景色見小夢一人叶見消君切胸中伝止好君今会真面目見今違何処誰見忙時笑顔今思出出来忘戸惑隠繰返君名前上手笑隠雨迷子私空回今見夢今君夢今見笑顔近恋始夢消君切胸中伝止好君今会
566442496,15.0,浪人琵琶,12947071,作词单色凌作曲单色凌编曲单色凌王中易高漠尹小生的花伞还落在你家你美眷如花我浪迹天涯为我泡杯花茶和你有些不搭气氛开始有一点尴尬你腼腆一笑竟如此融洽我情不自禁会为你牵挂什么时代早已经不想回家你微微一笑蝴蝶为你倾倒凝眸几秒不知道该干嘛你拂袖模样情千变万化一壶好酒趁着夜还未央独自品尝这大把好时光夜深人静略显一丝凄凉东奔西走微醺不宜骑马听着浪人弹着断了弦的琵琶路过青楼酒馆官人进来坐坐好吗我的思念似六月里的小雨哗哗对你情有所钟为你两袖清风小生的花伞还落在你家你美眷如花我浪迹天涯为我泡杯花茶和你有些不搭气氛开始有一点尴尬你腼腆一笑竟如此融洽我情不自禁会为你牵挂什么时代早已经不想回家东奔西走微醺不宜骑马听着浪人弹着断了弦的琵琶路过青楼酒馆官人进来坐坐好吗我的思念似六月里的小雨哗哗对你情有所钟为你两袖清风小生的花伞还落在你家你美眷如花我浪迹天涯为我泡杯花茶和你有些不搭气氛开始有一点尴尬你腼腆一笑竟如此融洽我情不自禁会为你牵挂什么时代早已经不想回家我化成风不舍一帘美梦醉醒穿梭终究是一场空若非是你今生又怎会懂浪人回头心动则心痛制作人单色凌男声戏腔单色凌吉他高漠尹录音吕晓菲混音李琰祥和声曾婕监制单色凌录音室制作公司
512365425,40.0,白夜（Cover 尹姝贻）,12003038,作词尹姝贻作曲尹姝贻人海茫茫无风起浪暗潮汹涌此消彼长春暖秋凉别来无恙明月当空乘风破浪谁心中有泪挣扎于是非还假装无谓为爱赎罪谁青春无悔敬勇敢一杯逆风踏凌霄以光散黑开往白天的夜有没有终点星光凋谢迫在眉睫轰轰烈烈代价不屑谁向谁妥协谁跟谁告别人海茫茫无风起浪暗潮汹涌此消彼长春暖秋凉别来无恙明月当空乘风破浪谁心中有泪挣扎于是非还假装无谓为爱赎罪谁青春无悔敬勇敢一杯逆风踏凌霄以光散黑开往白天的夜有没有终点星光凋谢迫在眉睫轰轰烈烈代价不屑谁向谁妥协谁跟谁告别开往白天的夜有没有终点星光凋谢迫在眉睫轰轰烈烈代价不屑谁向谁妥协谁跟谁告别谁跟谁告别谁跟谁告别
423703675,37.0,心墙（Cover 郭静）,12083501,作词姚若龙作曲林俊杰一个人眺望碧海和蓝天在心里面那抹灰就淡一些海豚从眼前飞越我看见了最阳光的笑脸好时光都该被宝贝因为有限我学着不去担心得太远不计划太多反而能勇敢冒险丰富地过每一天快乐地看每一天第一次遇见阴天遮住你侧脸有什么故事好想了解我感觉我懂你的特别你的心有一道墙但我发现一扇窗偶尔透出一丝暖暖的微光就算你有一道墙我的爱会攀上窗台盛放打开窗你会看到悲伤融化我学着不去担心得太远不计划太多反而能勇敢冒险丰富地过每一天快乐地看每一天第一次遇见阴天遮住你侧脸有什么故事好想了解我感觉我懂你的特别你的心有一道墙但我发现一扇窗偶尔透出一丝暖暖的微光就算你有一道墙我的爱会攀上窗台盛放打开窗你会看到悲伤融化你的心有一道墙但我发现一扇窗偶尔透出一丝暖暖的微光就算你有一道墙我的爱会攀上窗台盛放打开窗你会看到悲伤融化你会闻到幸福晴朗的芬芳
461047774,22.0,过客,12292708,作词阿涵作曲阿涵没有谁能够想到你会出现我身旁也许是命运开的玩笑不敢太靠近你的身边怕你会嫌烦只有一个人默默孤单是什么让我们遇见的是什么让距离更近了不奢求你多好给我多一点微笑你只是一个过客从我的世界路过我不敢太多不舍怕你看出我难过也许我想的太多却不能给你什么努力把伤心变少笑容变多就好了我只是个陪伴者陪着你伤心难过寂寞它每天数着你那么多的失落你想要什么你说只要我现在有的我们之间的点点滴滴我一直都记得不敢太靠近你的身边怕你会嫌烦只有一个人默默孤单是什么让我们遇见的是什么让距离更近了不奢求你多好再多给我一点微笑你只是一个过客从我的世界路过我不敢太多不舍怕你看出我难过也许我想的太多却不能给你什么努力把伤心变少笑容变多就好了我只是个陪伴者陪着你伤心难过寂寞它每天数着你那么多的失落你想要什么你说只要我现在有的我们之间的点点滴滴我一直都记得我只是一个过客从你的世界路过我不敢太多不舍怕你看出我难过我想的太多却不能给你什么努力把伤心变少笑容变多就好了我只想每天陪着陪着你伤心难过寂寞它每天数着你那么多的失落你想要什么你说只要我现在有的我们之间的点点滴滴我一直都记得
421423806,103.0,小半,1007170,作词涂玲子作曲陈粒不敢回看左顾右盼不自然的暗自喜欢偷偷搭讪总没完地坐立难安试探说晚安多空泛又心酸低头呢喃对你的偏爱太过于明目张胆在原地打转的小丑伤心不断空空留遗憾多难堪又为难释然慵懒尽欢时间风干后你我再无关没答案怎么办看不惯自我欺瞒纵容着喜欢的讨厌的宠溺的厌倦的一个个慢慢黯淡纵容着任性的随意的放肆的轻易的将所有欢脱倾翻不应该太心软不大胆太死板不果断玩弄着肆无忌惮不应该舍弃了死心了放手了断念了无可奈何不耐烦不算灯火阑珊我的心借了你的光是明是暗笑自己情绪太泛滥形只影单自嘲成习惯多敏感又难缠低头呢喃对你的偏爱太过于明目张胆在原地打转的小丑伤心不断空空留遗憾多难堪又为难释然慵懒尽欢时间风干后你与我再无关没答案怎么办看不惯自我欺瞒纵容着喜欢的讨厌的宠溺的厌倦的一个个慢慢黯淡纵容着任性的随意的放肆的轻易的将所有欢脱倾翻不应该太心软不大胆太死板不果断玩弄着肆无忌惮不应该舍弃了死心了放手了断念了无可奈何不耐烦任由着你躲闪我追赶你走散我呼喊是谁在泛泛而谈任由着你来了你笑了你走了不看我与理所当然分摊不明白残存的没用的多余的不必的破烂也在手紧攥不明白谁赧然谁无端谁古板谁极端无辜不知所以然纵容着喜欢的讨厌的宠溺的厌倦的不管一个个慢慢黯淡纵容着任性的随意的放肆的轻易的将所有欢脱倾翻不应该太心软不大胆太死板不果断玩弄着肆无忌惮不应该舍弃了死心了放手了断念了无可奈何不耐烦
254574,51.0,后来,8326,作词施人诚作曲玉城千春编曲王继康后来我总算学会了如何去爱可惜你早已远去消失在人海后来终于在眼泪中明白有些人一旦错过就不在栀子花白花瓣落在我蓝色百褶裙上爱你你轻声说我低下头闻见一阵芬芳那个永恒的夜晚十七岁仲夏你吻我的那个夜晚让我往后的时光每当有感叹总想起当天的星光那时候的爱情为什么就能那样简单而又是为什么人年少时一定要让深爱的人受伤在这相似的深夜里你是否一样也在静静追悔感伤如果当时我们能不那么倔强现在也不那么遗憾你都如何回忆我带着笑或是很沉默这些年来有没有人能让你不寂寞后来我总算学会了如何去爱可惜你早已远去消失在人海后来终于在眼泪中明白有些人一旦错过就不在你都如何回忆我带着笑或是很沉默这些年来有没有人能让你不寂寞后来我总算学会了如何去爱可惜你早已远去消失在人海后来终于在眼泪中明白有些人一旦错过就不在后来我总算学会了如何去爱可惜你早已远去消失在人海后来终于在眼泪中明白有些人一旦错过就不在永远不会再重来有一个男孩爱着那个女孩制作人光良录音工程师周建平混音工程师王晋溢录音室捷奏混音室白金录音室吉他和声编写光良和声梁静茹
491695964,26.0,时光游人,9255,作词赵登凯作曲赵登凯制作人朱鸽监制刘乃铭流水纪配唱制作人朱鸽殇小谨录音浔浔混音殇小谨和声编写朱鸽和声朱鸽任然录音室混音室出品梦童娱乐赵登凯我有思绪缓落漂泊默心间无意的探索让世界荏苒着等时间记录着片刻思索映画谁的轮廓任然风衬托着夜幕坠落雨浅奏着轻声应和等时间记录了有画面在闪烁一缕思绪停落半空中想说什么赵登凯谁疑惑岁月穿梭不知为何瞬间落寞我探索时间神色有心浮落表达沉默就这样淡淡的被夜风扰乱了思绪偏颇回眸谁人梦落任然谁憧憬白雪长河林间叶落就此洒脱我唤回筱月青涩拂袖别过踟蹰的歌就这样幻想着就这样安稳的谁人执着叹别谁的青涩让时光沉落赵登凯风衬托着夜幕坠落任然雨浅奏着轻声应和赵登凯等时间记录了有画面在闪烁任然一缕思绪停落半空中赵登凯任然想说什么赵登凯任然谁疑惑岁月穿梭不知为何瞬间落寞我探索时间神色有心浮落表达沉默就这样淡淡的被夜风扰乱了思绪偏颇回眸谁人梦落谁憧憬白雪长河林间叶落就此洒脱我唤回筱月青涩拂袖别过踟蹰的歌就这样幻想着就这样安稳的谁人执着叹别谁的青涩让时光沉落
405599470,18.0,疑心病,9255,作词常定晨作曲常定晨演唱任然你我在人群中试着抓紧你的手请不要甩开我不会让你走可能余温太久没给你感动在我回答你的时候你终于说出口我疑心病有一些重可能因为性格对爱情不懂不让你等太久不让你难受请允许我把你带走让你爱上我要多久我已经爱上你已走不动想拉你的手想吻你额头我沉默太久这一句我爱你说出口我会用这一生为你守候给不了感动不要跟我分手你终于说出口我疑心病有一些重可能因为性格对爱情不懂不让你等太久不让你难受请允许我把你带走让你爱上我要多久我已经爱上你已走不动想拉你的手想吻你额头我沉默太久这一句我爱你说出口我会用这一生为你守候给不了感动不要跟我分手你终于说出口我疑心病有一些重可能是因为性格对爱情观点不同不让你等太久不会让你难受你终于说出口你对我感情也很重不会因为我性格怪异会有所变动这次你不能走我不会放开手喔让你爱上我要多久我已经爱上你已走不动想拉你的手想吻你额头我沉默太久这一句我爱你说出口我会用这一生为你守候给不了感动不要跟我分手把所有感动写成故事一起走
2080326,20.0,Nothing's Gonna Change My Love For You,45839,
17194024,23.0,Cry On My Shoulder,152734,作词作曲
3026369,21.0,The Day You Went Away,66344,作词
5260494,985.0,一直很安静,7061,作词方文山作曲蔡如岳编曲屠颖空荡的街景想找个人放感情作这种决定是寂寞与我为邻我们的爱情像你路过的风景一直在进行脚步却从来不会为我而停给你的爱一直很安静来交换你偶尔给的关心明明是三个人的电影我却始终不能有姓名你说爱像云要自在飘浮才美丽我终于相信分手的理由有时候很动听给你的爱一直很安静来交换你偶尔给的关心明明是三个人的电影我却始终不能有姓名给你的爱一直很安静我从一开始就下定决心以为自己要的是曾经却发现爱一定要有回应给你的爱一直很安静来交换你偶尔给的关心明明是三个人的电影我却始终不能有姓名给你的爱一直很安静除了泪在我的脸上任性原来缘分是用来说明你突然不爱我这件事情
536502758,30.0,离人愁,12420149,作词李袁杰作曲李袁杰编曲筱筱雨沐混录企划王烨扬经纪人方国庆出品人桑爱出品方看见音乐北京有限公司春去白了华发落寞了思量剪下一缕愁丝遮目让人盲今人断了肠今天各一方今生与你相见无望繁华落幕离人难敢诉衷肠昨夜又见当年弃我不归郎今夜太漫长今两股痒痒今人比枯叶瘦花黄我应在江湖悠悠饮一壶浊酒醉里看百花深处愁莫把那关外野游留佳人等候梦里殇此情高几楼繁华落幕离人难敢诉衷肠昨夜又见当年弃我不归郎今夜太漫长今两股痒痒今人比枯叶瘦花黄我应在江湖悠悠饮一壶浊酒醉里看百花深处愁莫把那关外野游留佳人等候梦里殇此情高几楼我应在江湖悠悠饮一壶浊酒醉里看百花深处愁莫把那关外野游留佳人等候梦里殇此情高几楼梦里殇此情高几楼
27583305,21.0,Here With You,28727,
33206214,130.0,小幸运,9548,作词徐世珍吴辉福作曲我听见雨滴落在青青草地我听见远方下课钟声响起可是我没有听见你的声音认真呼唤我姓名爱上你的时候还不懂感情离别了才觉得刻骨铭心为什么没有发现遇见了你是生命最好的事情也许当时忙着微笑和哭泣忙着追逐天空中的流星人理所当然的忘记是谁风里雨里一直默默守护在原地原来你是我最想留住的幸运原来我们和爱情曾经靠得那么近那为我对抗世界的决定那陪我淋的雨一幕幕都是你一尘不染的真心与你相遇好幸运可我已失去为你泪流满面的权利但愿在我看不到的天际你张开了双翼遇见你的注定她会有多幸运青春是段跌跌撞撞的旅行拥有着后知后觉的美丽来不及感谢是你给我勇气让我能做回我自己也许当时忙着微笑和哭泣忙着追逐天空中的流星人理所当然的忘记是谁风里雨里一直默默守护在原地原来你是我最想留住的幸运原来我们和爱情曾经靠得那么近那为我对抗世界的决定那陪我淋的雨一幕幕都是你一尘不染的真心与你相遇好幸运可我已失去为你泪流满面的权利但愿在我看不到的天际你张开了双翼遇见你的注定她会有多幸运
254548,141.0,成全,8326,作词施立陈没作曲陈小霞编曲看着你和她走到我面前微笑地对我说声好久不见如果当初没有我的成全是不是今天还在原地盘旋不为了勉强可笑的尊严所有的悲伤丢在分手那天未必永远才算爱的完全一个人的成全好过三个人的纠结我对你付出的青春这么多年换来了一句谢谢你的成全成全了你的潇洒与冒险成全了我的碧海蓝天她许你的海誓山盟蜜语甜言我只有一句不后悔的成全成全了你的今天与明天成全了我的下个夏天不为了勉强可笑的尊严所有的悲伤丢在分手那天未必永远才算爱的完全一个人的成全好过三个人的纠结我对你付出的青春这么多年换来了一句谢谢你的成全成全了你的潇洒与冒险成全了我的碧海蓝天她许你的海誓山盟蜜语甜言我只有一句不后悔的成全成全了你的今天与明天成全了我的下个夏天我对你付出的青春这么多年换来了一句谢谢你的成全成全了你的潇洒与冒险成全了我的碧海蓝天她许你的海誓山盟蜜语甜言我只有一句不后悔的成全成全了你的今天与明天成全了我的下个夏天制作人马毓芬录音工程师陈伯豪钟国泰混音工程师钟国泰录音室白金原子混音室白金吉他许华强和声马毓芬
466794339,22.0,Something Just Like This,12203139,
108179,148.0,浪费,3685,作词陈信延作曲郑楠编曲张晁毓多久了我都没变爱你这回事整整六年你最好做好准备我没有打算停止一切想说我没有志愿也没有事情好消遣有一个人能去爱多珍贵没关系你也不用给我机会反正我还有一生可以浪费我就是剩这么一点点倔称得上我的优点没关系你也不用对我惭愧也许我根本喜欢被你浪费随便你今天拼命爱上谁我都会坦然面对即使要我跟你再耗个十年无所谓你和他没有如愿短短半年内开始分裂我的爱依旧没变连我自己都对我钦佩有的是很多资源我有的是很多时间不去爱才是浪费多不对没关系你也不用给我机会反正我还有一生可以浪费我就是剩这么一点点倔称得上我的优点没关系你也不用对我惭愧也许我根本喜欢被你浪费就算我再去努力爱上谁到头来也是白费不如永远跟你耗来得快乐对不对制作人王治平林宥嘉和声编写王治平和声林宥嘉尼龙吉他舒喆电吉他宋奕增黄显忠宁子达执行制作张简君伟录音师马丁柯宗佑录音室华研猛蛋录音室混音录音室混音录音师
418602088,127.0,Nevada,747030,作曲作词
515453363,132.0,All Falls Down,1045123,作词作曲编曲
440208476,37.0,That Girl,41034,作词作曲
523251118,92.0,说散就散,10473,作词张楚翘作曲伍乐城抱一抱就当作从没有在一起好不好要解释都已经来不及算了吧我付出过什么没关系我忽略自己就因为遇见你没办法好可怕那个我不像话一直奋不顾身是我太傻说不上爱别说谎就一点喜欢说不上恨别纠缠别装作感叹就当作我太麻烦不停让自己受伤我告诉我自己感情就是这样怎么一不小心太疯狂抱一抱再好好觉悟不能长久好不好有亏欠我们都别追究算了吧我付出再多都不足够我终于得救我不想再献丑没办法不好吗大家都不留下一直勉强相处总会累垮说不上爱别说谎就一点喜欢说不上恨别纠缠别装作感叹就当作我太麻烦不停让自己受伤我告诉我自己感情就是这样怎么一不小心太疯狂别后悔就算错过在以后你少不免想起我还算不错当我不在你会不会难过你够不够我这样洒脱说不上爱别说谎就一点喜欢说不上恨别纠缠别装作感叹将一切都体谅将一切都原谅我尝试找答案而答案很简单简单得很遗憾因为成长我们逼不得已要习惯因为成长我们忽尔间说散就散
474567580,51.0,远走高飞,166014,作词王耀光作曲金志文编曲金志文我一路看过千山和万水我的脚踏遍天南和地北日晒或是风吹我都无所谓路边那朵蔷薇鲜红的纯粹关掉了手机管他谁是谁不要去理会是是与非非天亮走到天黑从不觉疲惫黄昏中的堡垒多颓废如果迎着风就飞俯瞰这世界有多美让烦恼都灰飞别去理会自我藉慰如果还有梦就追至少不会遗憾后悔迎着光勇敢追远走高飞说走就走一回翻过了山坡又踏过了水跟心走别管东南和西北前行或是后退靠直觉发挥日落下的余晖有一点凄美拥挤的城市布满了虚伪何必去辩解谁错或是对就让一切回归童真的滋味那自由的感觉不会累如果迎着风就飞俯瞰这世界有多美让烦恼都灰飞别去理会自我藉慰如果还有梦就追至少不会遗憾后悔迎着光勇敢追远走高飞说走就走一回如果迎着风就飞俯瞰这世界有多美让烦恼都灰飞别去理会自我藉慰如果还有梦就追至少不会遗憾后悔迎着光勇敢追远走高飞说走就走一回制作监制赵英俊制作统筹刘金剑刘昊昱出品人周浩吉他金志文贝斯王佳林鼓祁大为合音编写金志文合音金志文人声录音工程师金志文混音工程师李军母带处理工程师李军
28018075,180.0,你就不要想起我,9548,作词施人诚作曲杨子朴刘大江编曲洪敬尧温奕哲我都寂寞多久了还是没好感觉全世界都在窃窃嘲笑我能有多骄傲不堪一击好不好一碰到你我就被撂倒吵醒沉睡冰山后从容脱逃你总是有办法轻易做到一个远远的微笑就掀起汹涌波涛又闻到眼泪沸腾的味道明明你也很爱我没理由爱不到结果只要你敢不懦弱凭什么我们要错过夜长梦还多你就不要想起我到时候你就知道有多痛当时那些快乐多难得美好你真的有办法舍得不要才刚成真的美梦转眼就幻灭破掉祝福你真的可以睡得好明明你也最爱我没理由爱不到结果只要你敢不懦弱凭什么我们要错过夜长梦很多你就不要想起我到时候最好别来要认错你就不要想我到疯掉明明你也还爱我没理由爱不到结果只要你敢不懦弱凭什么我们要错过夜长梦会多你就不要想起我我等夜监听你说多爱我制作人吕祯晃郭文宗和声编写郭文宗吉他王治平陈柏州制作助理樊哲忠和声田馥甄录音师马丁录音室华研猛蛋录音室混音录音师杨大纬混音录音室杨大纬录音室
1330348068,23.0,起风了,12085562,作词米果作曲高橋優编曲池窪浩一这一路上走走停停顺着少年漂流的痕迹迈出车站的前一刻竟有些犹豫不禁笑这近乡情怯仍无可避免而长野的天依旧那么暖风吹起了从前从前初识这世间万般流连看着天边似在眼前也甘愿赴汤蹈火去走它一遍如今走过这世间万般流连翻过岁月不同侧脸措不及防闯入你的笑颜我曾难自拔于世界之大也沉溺于其中梦话不得真假不做挣扎不惧笑话我曾将青春翻涌成她也曾指尖弹出盛夏心之所动且就随缘去吧逆着光行走任风吹雨打短短的路走走停停也有了几分的距离不知抚摸的是故事还是段心情也许期待的不过是与时间为敌再次看到你微凉晨光里笑得很甜蜜从前初识这世间万般流连看着天边似在眼前也甘愿赴汤蹈火去走它一遍如今走过这世间万般流连翻过岁月不同侧脸措不及防闯入你的笑颜我曾难自拔于世界之大也沉溺于其中梦话不得真假不做挣扎不惧笑话我曾将青春翻涌成她也曾指尖弹出盛夏心之所动且就随缘去吧晚风吹起你鬓间的白发抚平回忆留下的疤你的眼中明暗交杂一笑生花暮色遮住你蹒跚的步伐走进床头藏起的画画中的你低着头说话我仍感叹于世界之大也沉醉于儿时情话不剩真假不做挣扎无谓笑话我终将青春还给了她连同指尖弹出的盛夏心之所动就随风去了以爱之名你还愿意吗吉他池窪浩一贝斯小島剛広鼓吉田佳史键盘平畑徹也小提琴須磨和声弦乐須磨和声池窪浩一录音工程玉乃井光紀发行公司特别支持中村光雄
30987293,36.0,讲真的,1053026,作词黄然作曲何诗蒙今夜特别漫长有个号码一直被存放源自某种倔强不舍删去又不敢想明明对你念念不忘思前想后愈发紧张无法深藏爱没爱过想听你讲讲真的会不会是我被鬼迷心窍了敷衍了太多我怎么不难过要你亲口说别只剩沉默或许你早就回答了我讲真的想得不可得是最难割舍的各自好好过也好过一直拖自作多情了好吧我认了至少能换来释怀洒脱没丢失掉自我今夜特别漫长有个号码一直被存放源自某种倔强不舍删去又不敢想明明对你念念不忘思前想后愈发紧张无法深藏爱没爱过想听你讲讲真的会不会是我被鬼迷心窍了敷衍了太多我怎么不难过要你亲口说别只剩沉默或许你早就回答了我讲真的想得不可得是最难割舍的各自好好过也好过一直拖自作多情了好吧我认了至少能换来释怀洒脱没丢失掉自我讲真的会不会是我被鬼迷心窍了敷衍了太多我怎么不难过要你亲口说别只剩沉默或许你早就回答了我讲真的想得不可得是最难割舍的各自好好过也好过一直拖自作多情了好吧我认了至少能换来释怀洒脱没丢失掉自我
526464293,21.0,空空如也 ,9255,作词雪无影作曲雪无影编曲朱鸽熟悉的陌生的这种感觉重复的曾经的那些情节也只是怀念一滴滴一点点一页一篇分手了也不过三百多天可我却害怕遇见我懵懵懂懂过了一年这一年似乎没有改变守着你离开后的世界空空如也白天和晚上都是冬夜悲伤的到来我从不拒绝反正亦是空空空空如也我懵懵懂懂过了一年徘徊在石板路的街边曾经笑容灿烂如今却空空如也一切的星光都已陨灭得过且过是我如今速写无所谓让痛重叠我懵懵懂懂过了一年这一年似乎没有改变守着你离开后的世界空空如也白天和晚上都是冬夜悲伤的到来我从不拒绝反正亦是空空空空如也我懵懵懂懂过了一年徘徊在石板路的街边曾经笑容灿烂如今却空空如也一切的星光都已陨灭得过且过是我如今速写无所谓让痛重叠我懵懵懂懂过了一年这一年似乎没有改变守着你离开后的世界空空如也白天和晚上都是冬夜悲伤的到来我从不拒绝反正亦是空空空空如也我懵懵懂懂过了一年徘徊在石板路的街边曾经笑容灿烂如今却空空如也一切的星光都已陨灭得过且过是我如今速写无所谓让痛重叠录音浔浔朱鸽混音殇小谨吉他朱鸽尉迟墨儒和声皎月和声编写皎月制作人朱鸽配唱制作人殇小谨录音室混音室监制三千企划营销梦童娱乐千和世纪
428390981,8.0,千梦,188558,作词原晞作曲异新灰原穷编曲混音和声异新灰原穷杰画一笔炊烟十里依偎着人间朝夕塔故事中原来是你一生山水为迹杰有桃之夭夭凌风过浮生缥缈回旋年少不舍唱完的歌谣塔你眉眼含笑我亦多情不敢老彼时光景正好杰不见归来相思寄于山海塔风在城外裁去春秋几载合似曾是桥上轻雨伞开你着一袭素白回首千千对影燕徘徊塔借一缕月色如洗点染成相思无题杰曲终后依稀是你从此天涯为期塔兰舟催发早执手在苏堤春晓岁岁燕丘策马天下知多少杰听雨花事了春风却莫观其妙彼时光景正好塔不见归来相思寄于山海杰风在城外裁去春秋几载合似曾是桥上轻雨伞开你着一袭素白回首千千对影燕徘徊塔举杯邀月醉在桃溪春野杰南海飞雪吻过你的眉睫合想那年树下回眸无邪恰逢花雨未歇一梦千千让光阴重叠
442518503,79.0,后来的我们（Cover 五月天）,12083013,作词阿信作曲然后呢他们说你的心似乎痊愈了也开始有个人为你守护着我该心安或是心痛呢然后呢其实我的日子也还可以呢除了回忆肆虐的某些时刻庆幸还有眼泪冲淡苦涩而那些昨日依然缤纷着它们都有我细心收藏着也许你还记得也许你都忘了也不是那么重要了只期待后来的你能快乐那就是后来的我最想的后来的我们依然走着只是不再并肩了朝各自的人生追寻了无论是后来故事怎么了也要让后来人生精彩着后来的我们我期待着泪水中能看到你真的自由了我好想你你在哪亲爱的回忆我们共同走过的曲折是那些带我们来到了这一刻让珍贵的人生有失有得用新的幸福把遗憾包着就这么朝着未来前进了有再多的不舍也要狠心割舍别回头看我亲爱的只期待后来的你能快乐那就是后来的我最想的后来的我们依然走着只是不再并肩了朝各自的人生追寻了无论是后来故事怎么了也要让后来人生精彩着后来的我们我期待着泪水中能看到你真的幸福快乐在某处另一个你留下了在那里另一个我微笑着另一个我们还深爱着代替我们永恒着如果能这么想就够了无论是后来故事怎么了也要让后来人生值得后来的我们我期待着泪水中能看到你真的自由了我始终相信所有相遇都有意义
454935870,43.0,让我留在你身边,12126098,作词唐汉霄作曲唐汉霄原唱鹿晗后期维她命我从来不说话因为我害怕没有人回答我从来不挣扎因为我知道这世界太大太多时间浪费太多事要面对太多已无所谓太多难辨真伪太多纷扰是非在你身边是谁最渺小的我有大大的梦时间向前走一定只有路口没有尽头纷纷扰扰这个世界所有的了解只要让我留在你身边最渺小的我有大大的梦我愿意安静的活在每个有你的角落如果生活还有什么会让你难过别怕让我留在你身边都陪你渡过最渺小的我最卑微的梦我发现这世界没有那么那么的不同现实如果对你不公别计较太多走吧暴风雨后的彩虹也许会落空也许会普通也许这庸庸碌碌的黑白世界你不懂生命中所有的路口绝不是尽头别怕让我留在你身边都陪你渡过
28892408,74.0,我的天空,189873,作词赵辰龙作曲汀洋再见我的爱再见我的过去再见我的眼泪跌倒和失败再见那个年少轻狂的时代再见我的烦恼不再孤单再见我的懦弱不再哭喊我的未来在无尽的黑夜所有都快要毁灭至少我还有梦也为你而感动原来黎明的起点就在我的心里面只要我还有梦就会看到彩虹在我的天空挫折和离别不过是生命中的点缀过了多年我才读懂了家人的眼泪发现原来自己没有说再见的勇气离别的伤感感染了满城的空气失去后才知道那些有多么的珍贵亲爱的朋友们是否已经展翅纷飞不飞到高处怎么开阔自己的视野你已经长大了快告诉全世界外面的世界散发着强大的磁场诱惑着每一双即将展开的翅膀热恋的火在懵懂中凶猛的燃烧美丽的火花在恋人的周围环绕这过程很美尽管有无奈和失落刻骨铭心地爱过尽管她爱的并不是我如果没有离别如何学会承受打击如果没有跌倒如何能够学会爬起在无尽的黑夜所有都快要毁灭至少我还有梦也为你而感动原来黎明的起点就在我的心里面只要我还有梦就会看到彩虹在我的天空是谁在为我等待在那神秘的未来找到属于我的爱是谁在为我等待在那神秘的未来找到属于我的爱在无尽的黑夜所有都快要毁灭至少我还有梦也为你而感动原来黎明的起点就在我的心里面只要我还有梦就会看到彩虹在无尽的黑夜所有都快要毁灭至少我还有梦也为你而感动原来黎明的起点就在我的心里面只要我还有梦就会看到彩虹在我的天空
35040810,9.0,谁记得,896457,作词柳妍熙作曲东南他说的我们到底算是什么难道听到的感觉都是错的暧昧与溺爱总是差了什么明明彼此笑了却又不见了你不在的世界里都是阴天思念像太用力会扯断的线沉默却压抑着燃烧的我们该死的勇气到底在哪里我记得那瞬间相拥一起不會疲倦说好彼此想念却变成背对背怀念谁记得那瞬间我们像永恒的画面按下了暂停键想念一直停在指尖错爱过痛哭过却不想放手难道我们还抱着回忆享受放过我也想要你放过自己爱就要说出口别假装朋友我记得那瞬间相拥一起不會疲倦说好彼此想念却变成背对背怀念谁记得那瞬间我们像永恒的画面按下了暂停键想念一直停在指尖我记得那瞬间相拥一起不會疲倦说好彼此想念却变成背对背怀念谁记得那瞬间我们像永恒的画面按下了暂停键想念一直停在指尖按下了暂停键想念一直停在指尖
28256943,668.0,爱情没有刚刚好,4393,作词潇彬作曲文颖秋早一秒不会遇到晚一步就会走掉我和你没有想到能相逢不能拥抱是命运开的玩笑把回忆演到太好爱上你无法脱逃偏偏我得不到用力的微笑泪忍住不掉失去了你怕一生都不会再遇到幸福还没到你已经走掉原来爱情没有刚刚好我站在冷的街角安静跟孤独拥抱明知道放手就好偏偏我忘不了用力的微笑假装我很好那么爱你却也只能忍痛说不要缘分还没到就已经死掉原来爱情没有刚刚好用力的微笑假装我很好那么爱你却也只能忍痛说不要缘分还没到就已经死掉原来爱情没有刚刚好原来爱情没有刚刚好
191528,43.0,够钟,6479,作词冯曦妤作曲周国贤编曲周国贤编曲周国贤像我这样成就或太牵强而像你这样每一位也心痒清楚你未暗示我是我幻想给我想太多导致内伤迷药快过回复正常够钟死心了当你沉默得高调当得我历劫低潮为何尚要打扰过几多通宵至肯醒觉才愿退烧爱不了却偏走不了别说笑没有感受灵魂被你拖走缠在你左右我乞讨等接收风沙扑面我未怕为你暴走惊觉只有沙没有绿洲还是放弃无谓献丑够钟死心了当你沉默得高调当得我历劫低潮为何尚要骚扰过几多通宵至肯醒觉才愿退烧爱不了却偏走不了没救了一蹶不振的我从今起好应该自量面对高贵漂亮的扮相别妄想高攀得到金奖何事落到这收场枯死在你的手上风花月似戏一场遗容任你瞻仰壮观得夸张你可会流着泪冥想最终你吐出这一句别勉强监制陈光荣
27646409,31.0,你还怕大雨吗,6479,作词易家扬作曲周柏豪编曲冯翰铭制作人冯翰铭乌云下我看这天空真像泼墨画我想走走路并不想回家没办法就在大马路边喝杯咖啡吧想起你那一年站在雨中说怕亲爱的那些记忆现在都跑到哪我过的不是很好却想问你好吗你还怕大雨吗是不是还留短头发无聊的午后特别爱讲爱情的童话你还怕大雨吗我还记得在分手那天风很大但再想不起那时候的话世界是不会停的不管我走到哪雷声在耳边响起像思念的轰炸你还怕大雨吗是不是还留短头发无聊的午后特别爱讲爱情的童话你还怕大雨吗我还记得在分手那天风很大但再想不起那时候的话爱情在大雨下是你是我或许也是他谁也舍不得但要勇敢让自己放下别再怕大雨吧你忘了吗我们那几年说的话说不管怎样都要幸福啊别再怕大雨吧你忘了吗我们那几年说的话说不管怎样都要幸福啊
442518503,79.0,后来的我们（Cover 五月天）,12083013,作词阿信作曲然后呢他们说你的心似乎痊愈了也开始有个人为你守护着我该心安或是心痛呢然后呢其实我的日子也还可以呢除了回忆肆虐的某些时刻庆幸还有眼泪冲淡苦涩而那些昨日依然缤纷着它们都有我细心收藏着也许你还记得也许你都忘了也不是那么重要了只期待后来的你能快乐那就是后来的我最想的后来的我们依然走着只是不再并肩了朝各自的人生追寻了无论是后来故事怎么了也要让后来人生精彩着后来的我们我期待着泪水中能看到你真的自由了我好想你你在哪亲爱的回忆我们共同走过的曲折是那些带我们来到了这一刻让珍贵的人生有失有得用新的幸福把遗憾包着就这么朝着未来前进了有再多的不舍也要狠心割舍别回头看我亲爱的只期待后来的你能快乐那就是后来的我最想的后来的我们依然走着只是不再并肩了朝各自的人生追寻了无论是后来故事怎么了也要让后来人生精彩着后来的我们我期待着泪水中能看到你真的幸福快乐在某处另一个你留下了在那里另一个我微笑着另一个我们还深爱着代替我们永恒着如果能这么想就够了无论是后来故事怎么了也要让后来人生值得后来的我们我期待着泪水中能看到你真的自由了我始终相信所有相遇都有意义
541511427,6.0,不在,1177014,作词尤雅琪作曲胜屿不在韩安旭词尤雅琪曲胜屿编曲胜屿我累了就紧紧锁住情绪不再放任它堆积我痛了就静静屏住呼吸不给想念留余地只是下雨时会委屈只是想起你会哭泣没关系真没关系我终于学会一个人弹琴只是弹琴没有你我终于学会一个人做梦只是做梦没有你我依旧像从前粗心时常会忘记星期几却始终忘不掉你看我的眼睛穿过了熙攘的人海想找谁能把你取代复制你曾给过我的那种宠爱掏空了回忆的脑海寂寞却狠狠扑过来措手不及无法躲开我承认是我太依赖像个不懂事的小孩挥霍掉我们的未来才醒过来我承认后悔了伤害抛开你的好我的坏直到如今学会忍耐你不在我终于学会一个人弹琴只是弹琴没有你我终于学会一个人做梦只是做梦没有你我依旧像从前粗心时常会忘记星期几却始终忘不掉你看我的眼睛穿过了熙攘的人海想找谁能把你取代复制你曾给过我的那种宠爱掏空了回忆的脑海寂寞却狠狠扑过来措手不及无法躲开我承认是我太依赖像个不懂事的小孩挥霍掉我们的未来才醒过来我承认后悔了伤害抛开你的好我的坏直到如今学会忍耐你不在
1293886117,93.0,年少有为,4292,作词李荣浩作曲李荣浩编曲李荣浩电视一直闪联络方式都还没删你待我的好我却错手毁掉也曾一起想有个地方睡觉吃饭可怎么去熬日夜颠倒连头款也凑不到墙板被我砸烂到现在还没修一碗热的粥你怕我没够都留一半带走给你形容美好今后你常常眼睛会红原来心疼我我那时候不懂假如我年少有为不自卑懂得什么是珍贵那些美梦没给你我一生有愧假如我年少有为知进退才不会让你替我受罪婚礼上多喝几杯和你现在那位也曾一起想有个地方睡觉吃饭可怎么去熬日夜颠倒连头款也凑不到墙板被我砸烂到现在还没修一碗热的粥你怕我没够都留一半带走给你形容美好今后你常常眼睛会红原来心疼我我那时候不懂假如我年少有为不自卑懂得什么是珍贵那些美梦没给你我一生有愧假如我年少有为知进退才不会让你替我受罪婚礼上多喝几杯和你现在那位假如我年少有为不自卑尝过后悔的滋味金钱地位搏到了却好想退回假如我年少有为知进退才不会让你替我受罪婚礼上多喝几杯和你现在那位在婚礼上多喝几杯祝我年少有为制作人李荣浩吉他李荣浩贝斯李荣浩鼓和声编写李荣浩和声李荣浩弦乐编写李荣浩弦乐国际首席爱乐乐团录音师李荣浩混音师李荣浩录音室北京一样音乐录音室混音室北京一样音乐录音室母带后期制作人李荣浩母带后期处理工程师周天澈母带后期处理录音室一样音乐工作室酷亚音乐深圳有限公司酷亚音乐股份有限公司
109916,31.0,不具名的悲伤,3694,作词作曲编曲于京延我没有比其他人强悍这没有什么好隐瞒泪水和你一样烫也会有心慌只是不代表我要对人讲工作很忙没有谁不忙我在工作之间流浪剩下的未标示的时光就像一个空罐找不到任何事情可以填满有一种情绪是不具名的悲伤跟我爱不到的那人仿佛无关只有回忆发出的闷响越听越觉遗憾我可不可以什么都不想这是你留给我不具名的悲伤我甚至说不出痛在哪个地方爱不费一颗子弹灵魂却洞穿我投降能不能把记忆关上工作很忙没有谁不忙我在工作之间流浪剩下的未标示的时光就像一个空罐找不到任何事情可以填满有一种情绪是不具名的悲伤跟我爱不到的那人仿佛无关只有回忆发出的闷响越听越觉遗憾我可不可以什么都不想这是你留给我不具名的悲伤我甚至说不出痛在哪个地方爱不费一颗子弹灵魂却洞穿我投降能不能把记忆关上越强烈的爱后劲越强痛一直延长在往后的每个夜晚我以为时间是最好的偏方治好的全都是皮外伤我的不具名的悲伤跟我爱不到的那人仿佛无关只有回忆发出的闷响越听越觉遗憾我可不可以什么都不想这是你留给我不具名的悲伤我甚至说不出痛在哪个地方爱不费一颗子弹灵魂却洞穿我投降能不能把记忆关上
108138,125.0,那些你很冒险的梦,3684,作词王雅君作曲林俊杰编曲吴庆隆当两颗心开始震动当你瞳孔学会闪躲当爱慢慢被遮住只剩下黑距离像影子被拉拖当爱的故事剩听说我找不到你单纯的面孔当生命每分每秒都为你转动心多执着就加倍心痛那些你很冒险的梦我陪你去疯折纸飞机碰到雨天终究会坠落太残忍的话我直说因为爱很重你却不想懂只往反方向走当爱的故事剩听说我找不到你单纯的面孔当生命每分每秒都为你转动心有多执着就加倍心痛那些你很冒险的梦我陪你去疯折纸飞机碰到雨天终究会坠落太残忍的话我直说因为爱很重你却不想懂只往反方向走我不想放手你松开的左手你爱的放纵我白不回天空我输了累了当你再也不回头那些你很冒险的梦我陪你去疯折纸飞机碰到雨天终究会坠落太残忍的话我直说因为爱很重你却不想懂只往反方向走你真的不懂我的爱已降落制作人许环良配唱制作许环良制作协力陈炯顺温晋禾键盘吴庆隆吉他弦乐中国国家交响乐团和声编写许环良和声录音室中央新影录音棚录音师陈忠弘王帅李岳松混音室混音师许环良母带后期处理制作人林俊杰母带后期处理录音室母带后期处理录音师福茂著作权
424264505,82.0,你，好不好？,980025,作词周兴哲吴易纬作曲周兴哲编曲陈建骐是不是还那么爱迟到熬夜工作又睡不好等你完成你的目标要戒掉逞强的嗜好都怪我把自尊放太高没有把你照顾好骄傲是脆弱的外表最怕我的心你不要能不能继续对我哭对我笑对我好继续让我为你想为你疯陪你老你好不好好想知道别急着把回忆都丢掉我只需要你在身边陪我吵陪我闹用好的我把过去坏的我都换掉好想听到你坚决说爱我可惜回不去那一秒你好不好天知道我快要受不了后悔钻进心里烧拥抱再多一次就好你要的我都做得到能不能继续对我哭对我笑对我好继续让我为你想为你疯陪你老给你的好还要不要答案我却不敢揭晓我只需要你在身边陪我吵陪我闹别用离开教我失去的人最重要别说你曾经爱过我让我们回到那一秒你好不好能不能继续对我哭对我笑对我好继续让我为你想为你疯陪你老你好不好我好想知道别急着把我的爱丢掉我只需要你在身边陪我吵陪我闹别用离开教我失去的人最重要别说你曾经爱过我让我们回到那一秒你好不好
1375868212,-10000.0,清平乐,15022168,作词李白唐作曲赵亮棋制作人刘小山编曲赵亮棋人声录音师吴澎人声录音室混音师吴澎混音室母带工程师吴澎母带制作室版权提供北京天浩盛世音乐文化传播有限公司出品人周浩禁庭春昼莺羽披新绣百草巧求花下斗只赌珠玑满斗日晚却理残妆御前闲舞霓裳谁道腰肢窈窕折旋笑得君王日晚却理残妆御前闲舞霓裳谁道腰肢窈窕折旋笑得君王
212233,-10000.0,千千阙歌,7225,作词林振强作曲编曲卢东尼徐徐回望曾属于彼此的晚上红红仍是你赠我的心中艳阳如流傻泪祈望可体恤兼见谅明晨离别你路也许孤单得漫长一瞬间太多东西要讲可惜即将在各一方只好深深把这刻尽凝望来日纵使千千阙歌飘于远方我路上来日纵使千千晚星亮过今晚月亮都比不起这宵美丽亦绝不可使我更欣赏因你今晚共我唱临行临别才顿感哀伤的漂亮原来全是你令我的思忆漫长何年何月才又可今宵一样停留凝望里让眼睛讲彼此立场当某天雨点轻敲你窗当风声吹乱你构想可否抽空想这张旧模样来日纵使千千阙歌飘于远方我路上来日纵使千千晚星亮过今晚月亮都比不起这宵美丽亦绝不可使我更欣赏因你今晚共我唱怎都比不起这宵美丽亦绝不可使我更欣赏因今宵的我可共你唱来日纵使千千阙歌飘于远方我路上来日纵使千千晚星亮过今晚月亮都比不起这宵美丽亦绝不可使我更欣赏因你今晚共我唱来日纵使千千阙歌飘于远方我路上来日纵使千千晚星亮过今晚月亮都比不起这宵美丽都洗不清今晚我所想因不知哪天再共你唱制作人欧丁玉陈永明陈慧娴卢东尼大谷幸冈本郭男渡边茂树苏德华伊丹雅博李小梅
316429,-10000.0,处处吻,10204,作词林夕作曲雷颂德编曲雷颂德编曲雷颂德你爱热吻却永不爱人练习为乐但是怕熟人你爱路过去索取见闻陌路人便特别有份好感你热爱别离再合再离似花瓣献技叫花粉遍地噢噢你在播弄这穿线游戏跟他结束她与他再一起你小心一吻便颠倒众生一吻便救一个人给你拯救的体温总会再捐给某人一吻便偷一个心一吻便杀一个人一寸吻感一寸金一秒崎岖的旅行让半夜情人延续吻别人让你旧情人又惠顾他人每晚大概有上亿个人在地球上落力的亲吻你那习惯散佈给众人在地球上惠泽遍及世人你热爱别离再合再离似花瓣献技叫花粉遍地噢噢你在播弄这穿线游戏跟他结束她与他再一起你小心一吻便颠倒众生一吻便救一个人给你拯救的体温总会再捐给某人一吻便偷一个心一吻便杀一个人一寸吻感一寸金一秒崎岖的旅行噢你为何未曾尽兴这塑胶的爱情跳蚤的旅程噢延展铺天盖地好本领噢这吊诡的爱情播种的旅程别了她她吻他他吻她吻他吻她延续愉快过程你我他真高兴下个她她吻他他吻她再亲你结束这旅程多得你这煞星你小心一吻便颠倒众生一吻便救一个人给你拯救的体温总会再捐给某人一吻便偷一个心一吻便杀一个人一寸吻感一寸金一秒崎岖的旅行别了她她吻他他吻她吻他吻她延续愉快过程你我他真高兴下个她她吻他他吻她吻他吻她延续愉快过程你我他真高兴十个她千个她恩爱扩展的旅程监制雷颂德
229285,-10000.0,漫步人生路,7570,作词郑国江作曲中岛美雪编曲渡边茂树在你身边路虽远未疲倦伴你漫行一段接一段越过高峰另一峰却又见目标推远让理想永远在前面路纵崎岖亦不怕受磨练愿一生中苦痛快乐也体验愉快悲哀在身边转又转风中赏雪雾里赏花快乐回旋毋用计较快欣赏身边美丽每一天还愿确信美景良辰在脚边愿将欢笑声盖掩苦痛那一面悲也好喜也好每天找到新发现让疾风吹呀吹尽管给我俩考验小雨点放心洒早已决心向着前路纵崎岖亦不怕受磨练愿一生中苦痛快乐也体验愉快悲哀在身边转又转风中赏雪雾里赏花快乐回旋毋用计较快欣赏身边美丽每一天还愿确信美景良辰在脚边愿将欢笑声盖掩苦痛那一面悲也好喜也好每天找到新发现让疾风吹呀吹尽管给我俩考验小雨点放心洒早已决心向着前
115162,-10000.0,月半小夜曲,3699,作词向雪怀作曲河合奈保子编曲杜自持仍然倚在失眠夜望天边星宿仍然听见小提琴如泣似诉再挑逗为何只剩一弯月留在我的天空这晚以后音讯隔绝人如天上的明月是不可拥有情如曲过只遗留无可挽救再分别为何只是失望填密我的空虚这晚夜没有吻别仍在说永久想不到是借口从未意会要分手但我的心每分每刻仍然被她占有她似这月儿仍然是不开口提琴独奏独奏着明月半倚深秋我的牵挂我的渴望直至以后仍然倚在失眠夜望天边星宿仍然听见小提琴如泣似诉再挑逗为何只剩一弯月留在我的天空这晚以后音讯隔绝人如天上的明月是不可拥有情如曲过只遗留无可挽救再分别为何只是失望填密我的空虚这晚夜没有吻别仍在说永久想不到是借口从未意会要分手但我的心每分每刻仍然被她占有她似这月儿仍然是不开口提琴独奏独奏着明月半倚深秋我的牵挂我的渴望直至以后仍在说永久想不到是借口从未意会要分手但我的心每分每刻仍然被她占有她似这月儿仍然是不开口提琴独奏独奏着明月半倚深秋我的牵挂我的渴望直至以后
188204,-10000.0,沉默是金,6457,作词许冠杰作曲张国荣编曲鲍比达夜风凛凛独回望旧事前尘是以往的我充满怒愤诬告与指责积压着满肚气不忿对谣言反应甚为着紧受了教训得了书经的指引现已看得透不再自困但觉有分数不再像以往那般笨抹泪痕轻快笑着行冥冥中都早注定你富或贫是错永不对真永是真任你怎说安守我本份始终相信沉默是金是非有公理慎言莫冒犯别人遇上冷风雨休太认真自信满心里休理会讽刺与质问笑骂由人洒脱地做人受了教训得了书经的指引现已看得透不再自困但觉有分数不再像以往那般笨抹泪痕轻快笑着行冥冥中都早注定你富或贫是错永不对真永是真任你怎说安守我本份始终相信沉默是金是非有公理慎言莫冒犯别人遇上冷风雨休太认真自信满心里休理会讽刺与质问笑骂由人洒脱地做人少年人洒脱地做人继续行洒脱地做人
31789216,-10000.0,采薇,1071044,作词张渠作曲张渠昔我往矣杨柳依依今我来思雨雪霏霏昔我往矣杨柳依依今我来思雨雪霏霏昔我往矣杨柳依依今我来思雨雪霏霏昔我往矣杨柳依依今我来思雨雪霏霏昔我往矣杨柳依依今我来思雨雪霏霏昔我往矣杨柳依依今我来思雨雪霏霏
1842728629,-10000.0,如果呢,29051613,作词郑润泽作曲郑润泽出品网易音乐人青云制作人李淘赵建飞看幻想中的行星平行与天际听你说过的话语是那么平静能记得我的好也能够忘掉我迟早我的心里仍屹立着座城堡不知为何无法感受得到你的不舍你是如何能够轻易做得到如果说是真的爱我那为何都说不出口一大堆的所以然呢我脑海只剩为什么就让我放下所有回忆所有事情不那么清晰也许会好比较看幻想中的行星平行与天际听你说过的话语是那么平静说记得我的好也能够忘掉我迟早数不清这是第几次我也不知道如果说是真的爱我那为何都说不出口一大堆的所以然呢我脑海只剩为什么就让我放下所有回忆所有事情不那么清晰也许会好比较如果说是真的爱我那为何都说不出口一大堆的所以然呢我脑海只剩为什么就让我放下所有回忆所有事情不那么清晰也许会好比较也许会好比较出品青桔音乐编曲赵建飞吉他周少伟和声编写曾婕和声演唱曾婕人声录音师赵野人声录音棚弦乐编写赵建飞弦乐监制李朋弦乐国际首席爱乐乐团弦乐录音棚金田录音棚混音师钟泽鑫企划潘俊营销企划罗旭牛雪吟本歌曲来自青云
346576,-10000.0,光辉岁月,11127,作词黄家驹作曲黄家驹编曲制作人叶世荣钟声响起归家的讯号在他生命里仿佛带点唏嘘黑色肌肤给他的意义是一生奉献肤色斗争中年月把拥有变做失去疲倦的双眼带着期望今天只有残留的躯壳迎接光辉岁月风雨中抱紧自由一生经过彷徨的挣扎自信可改变未来问谁又能做到可否不分肤色的界限愿这土地里不分你我高低缤纷色彩闪出的美丽是因它没有分开每种色彩年月把拥有变做失去疲倦的双眼带着期望今天只有残留的躯壳迎接光辉岁月风雨中抱紧自由一生经过彷徨的挣扎自信可改变未来问谁又能做到今天只有残留的躯壳迎接光辉岁月风雨中抱紧自由一生经过彷徨的挣扎自信可改变未来问谁又能做到今天只有残留的躯壳迎接光辉岁月风雨中抱紧自由一生经过彷徨的挣扎自信可改变未来问谁又能做到今天只有残留的躯壳迎接光辉岁月风雨中抱紧自由一生经过彷徨的挣扎自信可改变未来
1844681125,-10000.0,入阵曲,14588567,作词陈艺柳作曲欧阳逸编曲姚瀚霄骁制作人顾雄喝几碗酒任风沙掩埋住我来时的路无人把守这无尽的硝烟把天空染红我怎么能低头就算前方再多再高的山丘挡不住我在下一个渡口谁在唱着离愁竹林草木皆兵先生隐姓埋名曾经如梦初醒不求功名求太平行军令响起孤傲的身影我不害怕刀和箭光和影烽烟起作风景生死的对局抗争着命运让我留下最后一篇骄傲的入阵曲喝几碗酒任风沙掩埋住我来时的路无人把守这无尽的硝烟把天空染红我怎么能低头就算前方再多再高的山丘挡不住我在下一个渡口谁在唱着离愁竹林草木皆兵先生隐姓埋名曾经如梦初醒不求功名求太平行军令响起孤傲的身影我不害怕刀和箭光和影烽烟起作风景生死的对局抗争着命运让我留下最后一篇骄傲的入阵曲如梦初醒不求功名求太平行军令响起孤傲的身影让我留下最后一篇骄傲的入阵曲行军令响起孤傲的身影我不害怕刀和箭光和影烽烟起作风景生死的对局抗争着命运让我留下最后一篇骄傲的入阵曲不求功名求太平和声曾婕张晓涵录音顾雄混音顾雄母带顾雄封面徐开林统筹小游监制胡小健出品人胡小健联合出品华予文化创际音乐上海华予文化发展有限公司
346075,-10000.0,真的爱你,11127,作词梁美薇作曲黄家驹编曲监制林邝培弦乐编排林邝培家驹无法可修饰的一对手带出温暖永远在背后纵使啰嗦始终关注不懂珍惜太内疚家强沉醉于音阶她不赞赏母亲的爱却永未退让决心冲开心中挣扎亲恩终可报答家驹春风化雨暖透我的心一生眷顾无言地送赠是你多么温馨的目光教我坚毅望着前路叮嘱我跌倒不应放弃没法解释怎可报尽亲恩爱意宽大是无限请准我说声真的爱你贯中无法可修饰的一对手带出温暖永远在背后纵使啰嗦始终关注不懂珍惜太内疚世荣仍记起温馨的一对手始终给我照顾未变样理想今天终于等到分享光辉盼做到家驹春风化雨暖透我的心一生眷顾无言地送赠是你多么温馨的目光教我坚毅望着前路叮嘱我跌倒不应放弃没法解释怎可报尽亲恩爱意宽大是无限请准我说声真的爱你春风化雨暖透我的心一生眷顾无言地送赠是你多么温馨的目光教我坚毅望着前路叮嘱我跌倒不应放弃没法解释怎可报尽亲恩爱意宽大是无限请准我说声真的爱你三子是你多么温馨的目光家驹哦教我坚毅望着前路叮嘱我跌倒不应放弃哦没法解释怎可报尽亲恩哦爱意宽大是无限请准我说声真的爱你哦
152392,-10000.0,讲不出再见,5205,作词向雪怀作曲赵容弼编曲杜自持是对是错也好不必说了是怨是爱也好不须揭晓何事更重要比两心的需要柔情蜜意怎么可缺少是进是退也好有若狂潮是痛是爱也好不须发表曾为你愿意我梦想都不要流言自此心知不会少这段情越是浪漫越美妙离别最是吃不消我最不忍看你背向我转面要走一刻请不必诸多眷恋浮沉浪似人潮哪会没有思念你我伤心到讲不出再见是进是退也好有若狂潮是痛是爱也好不须发表曾为你愿意我梦想都不要流言自此心知不会少这段情越是浪漫越美妙离别最是吃不消我最不忍看你背向我转面要走一刻请不必诸多眷恋浮沉浪似人潮哪会没有思念你我伤心到讲不出再见我最不忍看你背向我转面要走一刻请不必诸多眷恋浮沉浪似人潮哪会没有思念你我伤心到讲不出再见我最不忍看你背向我转面要走一刻请不必诸多眷恋浮沉浪似人潮哪会没有思念你我伤心到讲不出再见
115502,-10000.0,红日,3699,作词李克勤作曲立川俊之编曲方树梁命运就算颠沛流离命运就算曲折离奇命运就算恐吓着你做人没趣味别流泪心酸更不应舍弃我愿能一生永远陪伴你命运就算颠沛流离命运就算曲折离奇命运就算恐吓着你做人没趣味别流泪心酸更不应舍弃我愿能一生永远陪伴你一生之中兜兜转转哪会看清楚彷徨时我也试过独坐一角像是没协助在某年那幼小的我跌倒过几多几多落泪在雨夜滂沱一生之中弯弯曲曲我也要走过从何时有你有你伴我给我热烈地拍和像红日之火燃点真的我结伴行千山也定能踏过让晚风轻轻吹过伴送着清幽花香像是在祝福你我让晚星轻轻闪过闪出你每个希冀如浪花快要沾湿我命运就算颠沛流离命运就算曲折离奇命运就算恐吓着你做人没趣味别流泪心酸更不应舍弃我愿能一生永远陪伴你一生之中兜兜转转哪会看清楚彷徨时我也试过独坐一角像是没协助在某年那幼小的我跌倒过几多几多落泪在雨夜滂沱一生之中弯弯曲曲我也要走过从何时有你有你伴我给我热烈地拍和像红日之火燃点真的我结伴行千山也定能踏过让晚风轻轻吹过伴送着清幽花香像是在祝福你我让晚星轻轻闪过闪出你每个希冀如浪花快要沾湿我命运就算颠沛流离命运就算曲折离奇命运就算恐吓着你做人没趣味别流泪心酸更不应舍弃我愿能一生永远陪伴你命运就算颠沛流离命运就算曲折离奇命运就算恐吓着你做人没趣味别流泪心酸更不应舍弃我愿能一生永远陪伴你命运就算颠沛流离命运就算曲折离奇命运就算恐吓着你做人没趣味别流泪心酸更不应舍弃我愿能一生永远陪伴你命运就算颠沛流离命运就算曲折离奇命运就算恐吓着你做人没趣味别流泪心酸更不应舍弃我愿能一生永远陪伴你命运就算颠沛流离命运就算曲折离奇命运就算恐吓着你做人没趣味别流泪心酸更不应舍弃我愿能一生永远陪伴你
65766,-10000.0,富士山下,2116,作曲编曲陈珀拦路雨偏似雪花饮泣的你冻吗这风褛我给你磨到有襟花连调了职也不怕怎么始终牵挂苦心选中今天想车你回家原谅我不再送花伤口应要结疤花瓣铺满心里坟场才害怕如若你非我不嫁彼此终必火化一生一世等一天需要代价谁都只得那双手靠拥抱亦难任你拥有要拥有必先懂失去怎接受曾沿着雪路浪游为何为好事泪流谁能凭爱意要富士山私有何不把悲哀感觉假设是来自你虚构试管里找不到它染污眼眸前尘硬化像石头随缘地抛下便逃走我绝不罕有往街里绕过一周我便化乌有情人节不要说穿只敢抚你发端这种姿态可会令你更心酸留在汽车里取暖应该怎么规劝怎么可以将手腕忍痛划损人活到几岁算短失恋只有更短归家需要几里路谁能预算忘掉我跟你恩怨樱花开了几转东京之旅一早比一世遥远谁都只得那双手靠拥抱亦难任你拥有要拥有必先懂失去怎接受曾沿着雪路浪游为何为好事泪流谁能凭爱意要富士山私有何不把悲哀感觉假设是来自你虚构试管里找不到它染污眼眸前尘硬化像石头随缘地抛下便逃走我绝不罕有往街里绕过一周我便化乌有谁都只得那双手靠拥抱亦难任你拥有要拥有必先懂失去怎接受曾沿着雪路浪游为何为好事泪流谁能凭爱意要富士山私有何不把悲哀感觉假设是来自你虚构试管里找不到它染污眼眸前尘硬化像石头随缘地抛下便逃走我绝不罕有往街里绕过一周我便化乌有你还嫌不够我把这陈年风褛送赠你解咒梁荣骏陈珀江志仁陈匡荣细威邓建明陈珀
1436727001,-10000.0,兰陵王入阵曲,12228166,作词无作曲柳青瑶
25638340,-10000.0,此生不换,12604,作词杨漩予作曲闻震时光穿不断流转在从前刻骨的变迁不是遥远再有一万年深情也不变爱像烈火般蔓延记忆是条长线盘旋在天边沉浮中以为情深缘浅你再度出现我看见誓言承诺在水天之间回头看不曾走远依依目光此生不换要分散不习惯怎么算都太难分开之后更勇敢愿这爱世代相传喝不完忘情水不让你如烟前尘再怀恋望剑如面挥舞的瞬间别再闭上眼错过惊世的依恋回头看不曾走远眷恋一人流连忘返多少汗够温暖你哭喊我呼唤听清耳边的呢喃别害怕风轻云淡回头看不曾走远依依目光此生不换要分散不习惯怎么算都太难分开之后更勇敢愿这爱世代相传
1382367245,-10000.0,慕夏,30285885,作词王莹等什么君作曲王中易高漠伊编曲王中易高漠伊银辉描淡的石桥桥边嬉戏的垂髫风吹枝柳折细腰童谣声声伴长吆乌蓬水面风寂寥薄云淡淡月初瞧江上画舫熏香绕灯暖酒烫知己邀西月东落天色微曜半樽清酒斟得逍遥白衣纵马风流年少佳人倾城回眸浅笑玉笛声声月色皎皎起舞翩翩清影窈窕姻缘树下共求月老执手暮暮朝朝长夜温柔萤光照满城锦绣灯火耀老街小巷复喧嚣戏台风月增新貌轻纱遮面舞灵巧琵琶绕梁音袅袅唱罢西厢客醉笑推杯换盏度良宵西月东落天色微曜半樽清酒斟得逍遥白衣纵马风流年少佳人倾城回眸浅笑玉笛声声月色皎皎起舞翩翩清影窈窕姻缘树下共求月老执手暮暮朝朝西月东落天色微曜半樽清酒斟得逍遥白衣纵马风流年少佳人倾城回眸浅笑玉笛声声月色皎皎起舞翩翩清影窈窕姻缘树下共求月老执手暮暮朝朝制作人王中易高漠伊录音李亚男混音王宇呈吉他高漠伊贝斯赵伟丞和声王中易高漠伊统筹王艺园录音室制作团队伊格赛听出品伊格赛听嗨库文化
1342326579,-10000.0,醉太平,10600,作曲关大洲编曲丁嘉城混音马力琵琶赵聪箜篌吴琳羯鼓朱剑平管子张佳理制作人关大洲
186436,-10000.0,玻璃之情,6457,作曲张国荣编曲编曲从前我会使你快乐现在却最多叫你寂寞再吻下去像皱纸轻薄撕开了都不觉我这苦心已有预备随时有块玻璃破碎堕地勉强下去我会憎你只差那一口气不信眼泪能令失落的你爱下去难收的覆水将感情慢慢荡开去如果你太累及时地道别没有罪牵手来空手去就去我这苦心已有预备随时有块玻璃破碎堕地勉强下去我会憎你只差那一口气不信眼泪能令失落的你爱下去难收的覆水将感情慢慢荡开去如果你太累及时地道别没有罪牵手来空手去一起要许多福气或者承受不起或者怀恨比相爱更合理即使可悲不信眼泪能令失落的你爱下去难收的覆水将感情慢慢荡开去如果你太累及时地道别没有罪一生人不只一伴侣你会记得我是谁犹如偶尔想起过气玩具我抱住过哪怕失去早想到玻璃很易碎
1817110688,-10000.0,戏春令,15022168,作词月吟诗月念词作曲月吟诗古奇光编曲古奇光杨文博昆曲演唱柳梦梅施夏明江苏省演艺集团昆剧院昆曲演唱杜丽娘蔡晨成江苏省演艺集团昆剧院姹紫嫣红如梦开遍韶光付与断井颓垣良辰美景奈何天赏心乐事留谁家院杜丽娘不到园林怎知春色如许紫微宫守护传说结界思绪沉星海随波摇曳寻一折戏文两厢眷恋百般情深惟梁祝化蝶唱段与念白隐墨色诗卷水袖起落时空交叠待到花木兰已卸甲归田盼来戏中人与你相见姹紫嫣红如梦开遍杜丽娘梦开遍韶光付与断井颓垣杜丽娘断井颓垣良辰美景奈何天杜丽娘奈何天赏心乐事留谁家院杜丽娘谁家院柳梦梅则为你如花美眷啊姐姐小生那一处不寻到你却在这里恰好在花园内折得垂柳半支孔明灯照亮万家团圆空城计唱罢满座惊绝画道天师符祈祝人间神机妙算再卜卦丰年年少多英豪长坂坡上演龙啸武动银枪似练披荆斩棘翻身跨跃史篇拱手抱拳许我太平愿琉璃飞雪拂却烽烟帝女花谢余香未眠遥念昭君出塞远一点灵犀千里素月姹紫嫣红如梦开遍柳梦梅他年得傍蟾宫客韶光付与断井颓垣柳梦梅不在梅边在柳边良辰美景奈何天杜丽娘秀才赏心乐事留谁家院剑过招侠义沧桑道荆轲刺秦压轴好青鸟衔书春意俏龙舞欢歌云山渺柳梦梅情不知所起一往而深混音杨文博李子陶母带杨文博和声醉雪管珩心二胡中胡杜非曲笛梆笛昊子出品轩辕剑龙舞云山手游
536624390,-10000.0,水龙吟,13080288,作曲关大洲编曲关大洲林逸航吉他艾俊宇混音马力制作人关大洲音乐总监关大洲题名方懿古琴李祥霆笛箫王次恒琵琶赵聪二胡果敢
1468270651,-10000.0,天使的翅膀,31165848,作词徐誉滕作曲徐誉滕编曲任永恒制作人苏晨混音任天宇吉他杨春键盘王灏统筹冯昌榆和声王淑霖监制刘家泽制作公司匠心音乐此版权为正式授权翻唱作品落叶随风将要去何方只留给天空美丽一场曾飞舞的身影像天使的翅膀划过我幸福的过往爱曾经来到过的地方依稀留着昨天的芬芳那熟悉的温暖像天使的翅膀划过我无边的心上相信你还在这里从不曾离去我的爱像天使守护你若生命只到这里从此没有我我会找个天使替我去爱你爱曾经来到过的地方依稀留着昨天的芬芳那熟悉的温暖像天使的翅膀划过我无边的心上相信你还在这里从不曾离去我的爱像天使守护你若生命只到这里从此没有我我会找个天使替我去爱你相信你还在这里从不曾离去我的爱像天使守护你若生命只到这里从此没有我我会找个天使替我去爱你我会找个天使替我去爱你
1498342159,-10000.0,我很好（正式版）,31165848,词刘家泽晨晨晨曲晨晨晨编曲赖奕宾混音任天宇和声王淑霖任天宇宣发李永江小阮游文雅制作人苏晨监制刘家泽苏晨游文雅统筹徐阳李文景冯昌榆制作公司匠心音乐发行蔚来音乐出品匠心娱乐造音行动还记得属于你的那些嗜好喜欢吃的菜系和饮料习惯的动作连带着微笑在最远的星空闪耀还记得爱你时的每个心跳还保留着每一张合照可能是矫情庸人被自扰这么多年哪舍得删掉经历过天堂般的美好又怎舍得在地狱煎熬是不甘心的自私再叨扰还是真的爱你无可救药我很好只是偶尔遗憾会从眼里掉我很好怎么拼命忘却还是忘不掉丢失的那份美好在疲惫中睡着我很好反正一直都是偶尔被需要我很好就算再冷我也只相信外套答应你的我能把自己照顾好还记得爱你时的每个心跳还保留着每一张合照可能是矫情庸人被自扰这么多年哪舍得删掉经历过天堂般的美好又怎舍得在地狱煎熬是不甘心的自私再叨扰还是真的爱你无可救药我很好只是偶尔遗憾会从眼里掉我很好怎么拼命忘却还是忘不掉丢失的那份美好在疲惫中睡着我很好反正一直都是偶尔被需要我很好就算再冷我也只相信外套答应你的我能把自己照顾好我很好只是偶尔遗憾会从眼里掉我很好怎么拼命忘却还是忘不掉丢失的那份美好在疲惫中睡着我很好反正一直都是偶尔被需要我很好就算再冷我也只相信外套答应你的我能把自己照顾好
1331805930,-10000.0,盛世遗红,12174521,作曲徐鹏作词假寐编曲徐鹏淡抹胭脂去红纱绕宫宇挑帘执扇拨开几重春山无情风雨帝王家万里国色天香为衣琼楼玉宇琵琶声里魂梦可相依抱琴奏古曲弦乱声戚戚扣弦声断恨无知己似人间也无趣织锦绣千匹鸳鸯图中双戏豆蔻芳华满怀愁绪只影伴朝夕早看腻千顷珠玉玲珑地非醉却忘了人世今几许余生春色只窥墙内景夏来秋去池中之鱼早看腻千顷珠玉玲珑地非醉却忘了情痴总作愚欲说还休还盼花解语西风卷席零落成泥抱琴奏古曲弦乱声戚戚扣弦声断恨无知己似人间也无趣织锦绣千匹鸳鸯图中双戏豆蔻芳华满怀愁绪只影伴朝夕早看腻千顷珠玉玲珑地非醉却忘了人世今几许余生春色只窥墙内景夏来秋去池中之鱼早看腻千顷珠玉玲珑地非醉却忘了情痴总作愚欲说还休还盼花解语西风卷席零落成泥贪墨客提笔绘画中仕女千年流转长安月下醉意几回梦醒多情盼无情喜鹊哀啼烛泪落地贪墨客提笔绘画中仕女千年流转桑田眉目如昔一颗枯心凋零至如今盛世遗红风尘旧迹一颗枯心凋零至如今盛世遗红风尘旧迹混音张栩赫古筝图生笛子林丶大力钢琴杨帆打击乐司鼓君和声皎月和声编写皎月制作人殇小谨文案偏生梓归封面设计睢亦制作梗梗监制李俊羽基于挥扇仕女图所创作出品音阙诗听
1814080666,-10000.0,望,1030001,作词申名利作曲音融三喜编曲周富坚袁文睿原作词周仁出品网易云音乐支付宝发行网易云音乐飓风工作室五福贺岁短片同名主题曲红色风筝俯瞰着地图飘太远在哪儿着陆远行的人是望远镜里的模糊借背影放大孤独你我习惯像常旅客来了又去寄天空的信未能按时回复再等一等就返航如初我们总会绕啊绕绕啊绕绕几千里路也望向归途乘着风想念吹拂游夜空漂浮抓一颗流星做礼物愿你幸福手中线绕啊绕绕啊绕绕几千日夜也望向归途燕归巢迁徙之路参与者无数待到烟火照夜白时准备庆祝心有所住儿时总爱掰着手默数好希望快些到日出长大的人被挟裹着说不得不借不到借口停驻你我习惯像常旅客来了又去寄天空的信未能按时回复再等一等就返航如初我们总会绕啊绕绕啊绕绕几千里路也望向归途乘着风想念吹拂游夜空漂浮抓一颗流星做礼物愿你幸福手中线绕啊绕绕啊绕绕几千日夜也望向归途燕归巢迁徙之路参与者无数待到烟火照夜白时准备庆祝心有所住我们总会绕啊绕绕啊绕绕几千里路也望向归途乘着风思念吹拂游夜空漂浮抓一颗流星祝福你要幸福手中线绕啊绕绕啊绕绕几千日夜也望向归途燕归巢迁徙之路参与者无数待到烟火照夜白时准备庆祝心有所住发行网易飓风工作室出品人李茵总策划何洋总监制谢奇笛凌联兴制作公司伯音时代制作人周富坚袁文睿监制袁晓童胡圣羽统筹陶律瑾企划王暴雨宣发徐思灵孙梦迪苏琦惠钢琴袁文睿木吉他黄子健电吉他杨奕贝斯崔文正鼓景帅弦乐编写周富坚弦乐监制李朋弦乐国际首席爱乐乐团和声编写周深董嘉鸿和声周深董嘉鸿器乐录音工程师刘芒制作协力刘芒配唱制作人徐威人声录音工程师徐威器乐录音室大爆炸人声录音室上海混音母带工程师周天澈混音室特别鸣谢周深工作室本歌曲来自飓风计划业务联系
1818082272,-10000.0,分你一半,34601288,作词果妹作曲果妹编曲卡其漠罗洋制作人李永江吉他大牛和声王淑霖混音任天宇宣发游文雅孙源李文景企划李永江监制刘家泽李永江游文雅制作公司匠心音乐发行冯昌榆出品匠心娱乐造音行动我数着期盼满满的喜欢眼神中弥漫奇怪怎么就这么想要跟你谈一场恋爱我数着期盼慢慢变勇敢一起去承担遗憾所有的一切分给你一半窗外的阳光照进我不大不小的心窝你总是带着那笑容闯进了我的生活把外套给我怕冷着细心温柔的配合我也想把那些藏起来的美好统统分给你一半我数着期盼满满的喜欢眼神中弥漫奇怪怎么就这么想要跟你谈一场恋爱我数着期盼慢慢变勇敢一起去承担遗憾所有的一切分给你一半别总是躲藏在角落与爱情擦肩而过要遇到对的那一个生活就充满颜色互相给予的很快乐哪怕有时会难过但也想把那些藏起来的美好统统分给你一半我数着期盼满满的喜欢眼神中弥漫奇怪怎么就这么想要跟你谈一场恋爱我数着期盼慢慢变勇敢一起去承担遗憾所有的一切分给你一半把那些酸甜苦辣分享给你当做了习惯随时能得到回应的爱分你一半我数着期盼满满的喜欢眼神中弥漫奇怪怎么就这么想要跟你谈一场恋爱所有的一切分给你一半
1444797370,-10000.0,短歌行,32286938,作词唐李白作曲赵亮棋短歌行长安十二时辰影视剧插曲作词唐李白作曲赵亮棋制作人刘小山编曲赵亮棋翻唱晓风影月白日何短短百年苦易满苍穹浩浩万劫茫茫太长麻姑垂两鬓一半已成霜不若天公见玉女大笑亿千场吾欲揽六龙回车挂扶桑北斗酌美酒劝龙饮一觞富贵非所愿与人驻颜光白日何短短百年苦易满苍穹浩浩万劫茫茫太长麻姑垂两鬓一半已成霜不若天公见玉女大笑亿千场吾欲揽六龙回车挂扶桑北斗酌美酒劝龙饮一觞富贵非所愿与人驻颜光
570340213,-10000.0,极恶都市,12383009,作词王星作曲灰鸿啊张光亿编曲夏日入侵企画节奏吉他张天翼主音吉他张伟楠贝斯张光亿鼓付海鑫和声邢硕音效制作邢硕录音邢硕夏国兴混音于昊制作人邢硕特别感谢张伟楠这城市的车流和着地表的颤抖像一颗石子落入地心之后泛起的温柔暗涌河水流过转角她的楼被梦魇轻声呓语唤醒身后的幼兽失效感官焦灼只剩下麻木愚钝无从感受共同支撑全都瓦解只是我们现在都已忘记到底是谁隐藏春秋谁在大雨之后把旗帜插在最高的楼过去陈旧的还在坚守内心已腐朽摇摇欲坠不停退后毁灭即拯救夏日掠夺春秋结局无法看透眼看这情节开始变旧所有的城池已失守最终无法占有无眠辗转伴着人间破碎的旧梦像繁星退却后只剩下混沌的夜空炙热掩盖风声鹤唳的担忧把所有失落无助反手推入无尽的白昼失效感官焦灼只剩下麻木愚钝无从感受共同支撑全都瓦解只是我们现在都已经忘记到底是谁隐藏春秋谁在大雨之后把旗帜插在最高的楼过去的陈旧还在坚守内心已腐朽摇摇欲坠不停退后毁灭即拯救夏日掠夺春秋结局无法看透眼看这情节开始变旧所有的城池早已失守惶恐难以接受缠绵往复不肯放手最终无法占有谁隐藏春秋谁在大雨之后把旗帜插在最高的楼过去的陈旧还在坚守内心已腐朽摇摇欲坠不停退后毁灭即拯救谁掠夺春秋谁在大雨之后把旗帜插在最高的楼过去的陈旧还在坚守内心已腐朽摇摇欲坠不停退后毁灭即拯救夏日掠夺春秋结局无法看透明知城池已失守缠绵往复不肯放手最终无法占有
1440318353,-10000.0,长安决,5538,作词李姝作曲汪苏泷制作人任寒冰编曲笛子丁晓逵和音刘颜嘉人声录音师任寒冰人声录音室行人混音师曹飞混音室行人母带工程师曹飞母带制作室行人版权提供北京天浩盛世音乐文化传播有限公司出品人周浩在时间的操纵里踏破宿命的荆棘埋伏在危险之地直视最深的恐惧线索中千头万绪谁为谁仁德忠义真相迷惑了人心光明涅槃在地狱齿轮开始转动长安风雨局中局惊心动魄前的宁静刀光剑影兄弟情缉事補盗有血性抽丝剥茧往往绝顶聪明环环相扣的绝境对与错是敌是己如何抉择才是谜题盛世绚烂明表暗里扑朔迷离英雄蝼蚁并存同行荆棘里步步为营难算计是非关系灯照不到的阴影真与假暗藏玄机揭开阴谋的伏笔以黑暗突破希冀通关下一道难题谁写下新的传奇
1371046568,-10000.0,不喜欢下雨天,32097566,作词作曲伴奏我讨厌坏天气我讨厌我会突然失控的想你你讨厌被惦记你讨厌我每次吵架都不讲理没有语言去讲述我的全部都被你给挡住停止你的动作在我们遇见的那个周六你讨厌的下雨天如果沉醉在你给的爱河里我忘记了我喜欢的好天气想闭上双眼不再睁开把时间停止我的思念化作雨声滴答滴就像绝症无法治愈是你因为你讨厌的你喜欢的你不知不觉把它化为习惯的是你我期盼的没实现的愿望没留住昨天的或今天的是因为有你就一眼万年的是我们梦见的那夜晚的月光我讨厌坏天气我讨厌我会突然失控的想你你讨厌被惦记你讨厌我每次吵架都不讲理没有语言去讲述我的全部都被你给挡住停止你的动作在我们遇见的那个周六你讨厌的下雨天其实我都没忘了我一直都在唱我只是没有办法眼睛不对你望我还有你的电话但不知道你在哪我知道你讨厌的东西也和我一样我知道你清楚我有没有讲真话在某一个路口我没想到会分叉但你的每句真话我都分不出真假在你的爱河里我只能无意义的挣扎别说我猜不透我没有猜不透我唯一猜不透是我闹钟几点闹付出了那么多你却说还不够你全身不会说谎的也只有你眼角我讨厌坏天气我讨厌我会突然失控的想你你讨厌被惦记你讨厌我每次吵架都不讲理没有语言去讲述我的全部都被你给挡住停止你的动作在我们遇见的那个周六你讨厌的下雨天
1458114010,20.0,我 去 宇 宙 偷 星 星，放 在 夜 里 等 你♡,34077794,作词作曲旋律钢琴其他乐器鼓组编排注如有钢琴旋律相同的歌曲都是购买使用旋律包不涉及相互侵权伴奏租用请私信我获得授权哦
1807581270,4.0,我 愿 同 你 约 定 致 死 ღ,34597277,作词作曲作词无作曲人声切片铺底主旋律其他旋律弦乐鼓组混音编曲人声采样最遥远的距离我怎么没有听说过银河也有声音啊那是你没有用心听没有啊要心有灵犀才听得到知道吗呆子叶先生世间所有的相遇都是久别重逢愿的不舍遗憾都能在重新来过
1838343929,3.0,我一遍一遍直视落日和你.,30545583,作词作曲我一遍一遍直视落日和你
1811977922,2.0,ʸᵒᵘ ᵃʳᵉ ᵃˢ ʷᵃʳᵐ ᵃˢ ᵗʰᵉ ˢᵘⁿˢᵉᵗ ᵍˡᵒʷ.,30545583,作词作曲你像晚霞一样温柔
1431107903,13.0,はないかだ （花阀）,33428842,作词汉口二厂樱花汽水拿花负荷作曲拿花负荷汉口二厂樱花汽水我在夏天与你相识又在夏天与你别离我只记得那节体育课我手里攥着的那个粉色纸条你手里拿着的那瓶外壁带了水雾的柠檬汽水纸条早已被汗氲湿但最后只留下一个饮料瓶那是属于我的男孩的夏天那份不属于别人的灵动抬头那动人的眸子
1409136605,15.0,星河不可及,12157336,作词无作曲所爱隔山海山海不可平所念皆星河星河不可及作曲作词编曲钢琴第一小提琴第二小提琴中提琴大提琴鼓铃贝斯吉他风铃滚珠铃树后期分轨混音母带
1452299412,5.0,夏 威 夷 的 ༄,33338855,作词作曲纯音乐请欣赏
570325078,126.0,蝉证序,14930125,作词南极白熊作曲南极白熊爸爸林子里是什么声音啊这是蝉声蝉声对每到炎炎夏日蝉便从沉睡中醒来在树上高声鸣叫它们为什么要这样努力地叫啊因为它们只有短短一个夏天的生命在短暂的生命里它们想让这世界记住它们曾经的声音啊那它们好可怜啊小傻瓜它们可并不会为自己感到可怜啊不论是白天你和哥哥站在小溪里捞鱼还是在夜晚我们一家在木屋房檐下吃西瓜它们的声音一直伴随着我们即使夏天过去每当我们再次回想起那些美丽的记忆蝉声仿佛就萦绕在我们的耳畔某种意义上来说它们的生命正在我们的脑海里延续着嗯我好像明白了那妈妈呢妈妈她啊既在这山中也在这林中既在蝉声里也在其他有形或是无形的存在里你可曾记得夏日里与妈妈在蝉声的陪伴下度过的点点滴滴当蝉声再次响起那些记忆便被唤醒妈妈就在你身旁而这蝉声年年不绝妈妈她也就永远不会离开你爸爸你和我是不是有一天也会和妈妈一样去很远的地方嗯所以我们也要如这蝉一样在出发之前在这里留下我们的蝉声我懂了爸爸那多给我讲讲你和妈妈的故事吧我要做你们的蝉声那可是个很长的故事啦
1377807992,8.0,雨 因你而下，于你而止,30950035,作词无作曲雨因你而下于你而止
1403136630,8.0,满眼的温柔都是你叫我怎么能不心动啊.,30545583,作词作曲满眼的温柔都是你叫我怎么能不心动啊温柔要留给满眼都是你的人
552560922,62.0,别念,12476269,作词无作曲冰冷的琴键上流淌的是对你的思念
1359613968,21.0,遇见萤火,12308485,作词无作曲配文你不是太阳也不是月亮看去你微小但你不渺小一个人行走在夜路前方隐现光点飘移欣喜所见那是一只萤火虫快步上去尾随它的飞行这一刻仿佛进入童话仙境升腾灿烂的光辉燃亮沉寂已久的初心夜幕下展开无声的嬉戏合掌欲逮小小的飞虫清澈澄净的自然旷野不要伤了美丽的精灵放飞它任由其夜空里自由自在流萤牵引梦幻闪耀没有喧嚣只有恬静没有贪婪只有祥和没有卖弄只有淡然没有呼拥只有光明黑暗不可能拖曳时轮的滚动遗憾盯住的目标悄然隐匿迷失的道路方向早已浑然不觉瞧不见萤火的心情铅塠般沉重仍要折返遇见飞虫的来处再求身临其境萤火闪烁的世界夜色苍苍大地茫茫萤火点亮的空间爱意无限一个人回返在夜路前方出现绿光熠熠无数惊喜遇见萤火长河陶醉是因万籁俱静繁华般的朦胧眷恋则因漆黑静谧的夜空心生美好轻轻悠悠闪烁迷人的荧光多少纯真一并融入你不是太阳也不是月亮看去你微小但你不渺小
468176711,379.0,城南花已开,1044144,作曲三亩地一切都会好的城南的花都开了
1424386068,13.0,關於妳 想來滿是遺憾,32591137,作词夜行双面猫作曲夜行双面猫知道未来没有你我也不急着往前走了
